// FEDXAI-AUTO Edge Model (QAT INT8)
// Size: 17120 bytes (16.72 KB)
// Accuracy: 98.84%
#ifndef FEDXAI_MODEL_H
#define FEDXAI_MODEL_H
const unsigned int fedxai_model_len = 17120;
alignas(16) const unsigned char fedxai_model_data[] = {
  0x20, 0x00, 0x00, 0x00, 0x54, 0x46, 0x4c, 0x33, 0x00, 0x00, 0x00, 0x00, 0x14, 0x00, 0x20, 0x00,
  0x1c, 0x00, 0x18, 0x00, 0x14, 0x00, 0x10, 0x00, 0x0c, 0x00, 0x00, 0x00, 0x08, 0x00, 0x04, 0x00,
  0x14, 0x00, 0x00, 0x00, 0x1c, 0x00, 0x00, 0x00, 0x94, 0x00, 0x00, 0x00, 0xec, 0x00, 0x00, 0x00,
  0x5c, 0x1b, 0x00, 0x00, 0x6c, 0x1b, 0x00, 0x00, 0xb0, 0x41, 0x00, 0x00, 0x03, 0x00, 0x00, 0x00,
  0x01, 0x00, 0x00, 0x00, 0x04, 0x00, 0x00, 0x00, 0xee, 0xdf, 0xff, 0xff, 0x0c, 0x00, 0x00, 0x00,
  0x1c, 0x00, 0x00, 0x00, 0x44, 0x00, 0x00, 0x00, 0x0f, 0x00, 0x00, 0x00, 0x73, 0x65, 0x72, 0x76,
  0x69, 0x6e, 0x67, 0x5f, 0x64, 0x65, 0x66, 0x61, 0x75, 0x6c, 0x74, 0x00, 0x01, 0x00, 0x00, 0x00,
  0x04, 0x00, 0x00, 0x00, 0x88, 0xff, 0xff, 0xff, 0x2e, 0x00, 0x00, 0x00, 0x04, 0x00, 0x00, 0x00,
  0x13, 0x00, 0x00, 0x00, 0x66, 0x61, 0x69, 0x6c, 0x75, 0x72, 0x65, 0x5f, 0x70, 0x72, 0x6f, 0x62,
  0x61, 0x62, 0x69, 0x6c, 0x69, 0x74, 0x79, 0x00, 0x01, 0x00, 0x00, 0x00, 0x04, 0x00, 0x00, 0x00,
  0x32, 0xe5, 0xff, 0xff, 0x04, 0x00, 0x00, 0x00, 0x0c, 0x00, 0x00, 0x00, 0x73, 0x65, 0x6e, 0x73,
  0x6f, 0x72, 0x5f, 0x69, 0x6e, 0x70, 0x75, 0x74, 0x00, 0x00, 0x00, 0x00, 0x02, 0x00, 0x00, 0x00,
  0x34, 0x00, 0x00, 0x00, 0x04, 0x00, 0x00, 0x00, 0xdc, 0xff, 0xff, 0xff, 0x31, 0x00, 0x00, 0x00,
  0x04, 0x00, 0x00, 0x00, 0x13, 0x00, 0x00, 0x00, 0x43, 0x4f, 0x4e, 0x56, 0x45, 0x52, 0x53, 0x49,
  0x4f, 0x4e, 0x5f, 0x4d, 0x45, 0x54, 0x41, 0x44, 0x41, 0x54, 0x41, 0x00, 0x08, 0x00, 0x0c, 0x00,
  0x08, 0x00, 0x04, 0x00, 0x08, 0x00, 0x00, 0x00, 0x30, 0x00, 0x00, 0x00, 0x04, 0x00, 0x00, 0x00,
  0x13, 0x00, 0x00, 0x00, 0x6d, 0x69, 0x6e, 0x5f, 0x72, 0x75, 0x6e, 0x74, 0x69, 0x6d, 0x65, 0x5f,
  0x76, 0x65, 0x72, 0x73, 0x69, 0x6f, 0x6e, 0x00, 0x32, 0x00, 0x00, 0x00, 0x6c, 0x1a, 0x00, 0x00,
  0x64, 0x1a, 0x00, 0x00, 0x50, 0x1a, 0x00, 0x00, 0x2c, 0x1a, 0x00, 0x00, 0x18, 0x1a, 0x00, 0x00,
  0xfc, 0x19, 0x00, 0x00, 0xe0, 0x19, 0x00, 0x00, 0xc4, 0x19, 0x00, 0x00, 0xb0, 0x19, 0x00, 0x00,
  0x9c, 0x19, 0x00, 0x00, 0x84, 0x19, 0x00, 0x00, 0x54, 0x19, 0x00, 0x00, 0xc4, 0x18, 0x00, 0x00,
  0x74, 0x18, 0x00, 0x00, 0x44, 0x18, 0x00, 0x00, 0x14, 0x18, 0x00, 0x00, 0x84, 0x17, 0x00, 0x00,
  0x54, 0x17, 0x00, 0x00, 0x24, 0x17, 0x00, 0x00, 0x1c, 0x17, 0x00, 0x00, 0x14, 0x17, 0x00, 0x00,
  0x04, 0x14, 0x00, 0x00, 0x74, 0x13, 0x00, 0x00, 0x6c, 0x13, 0x00, 0x00, 0x64, 0x13, 0x00, 0x00,
  0x5c, 0x13, 0x00, 0x00, 0x54, 0x13, 0x00, 0x00, 0x4c, 0x13, 0x00, 0x00, 0x44, 0x13, 0x00, 0x00,
  0x3c, 0x13, 0x00, 0x00, 0x34, 0x13, 0x00, 0x00, 0x24, 0x07, 0x00, 0x00, 0x1c, 0x07, 0x00, 0x00,
  0x14, 0x07, 0x00, 0x00, 0x0c, 0x07, 0x00, 0x00, 0x04, 0x07, 0x00, 0x00, 0xfc, 0x06, 0x00, 0x00,
  0xf4, 0x06, 0x00, 0x00, 0xec, 0x06, 0x00, 0x00, 0xe4, 0x06, 0x00, 0x00, 0xd4, 0x00, 0x00, 0x00,
  0xcc, 0x00, 0x00, 0x00, 0xc4, 0x00, 0x00, 0x00, 0xbc, 0x00, 0x00, 0x00, 0xb4, 0x00, 0x00, 0x00,
  0xac, 0x00, 0x00, 0x00, 0xa4, 0x00, 0x00, 0x00, 0x9c, 0x00, 0x00, 0x00, 0x7c, 0x00, 0x00, 0x00,
  0x04, 0x00, 0x00, 0x00, 0x76, 0xe6, 0xff, 0xff, 0x04, 0x00, 0x00, 0x00, 0x68, 0x00, 0x00, 0x00,
  0x10, 0x00, 0x00, 0x00, 0x00, 0x00, 0x00, 0x00, 0x08, 0x00, 0x0e, 0x00, 0x08, 0x00, 0x04, 0x00,
  0x08, 0x00, 0x00, 0x00, 0x10, 0x00, 0x00, 0x00, 0x2c, 0x00, 0x00, 0x00, 0x00, 0x00, 0x06, 0x00,
  0x08, 0x00, 0x04, 0x00, 0x06, 0x00, 0x00, 0x00, 0x04, 0x00, 0x00, 0x00, 0x02, 0x00, 0x00, 0x00,
  0xeb, 0x03, 0x00, 0x00, 0xd0, 0x07, 0x00, 0x00, 0x0c, 0x00, 0x18, 0x00, 0x14, 0x00, 0x10, 0x00,
  0x0c, 0x00, 0x04, 0x00, 0x0c, 0x00, 0x00, 0x00, 0xb6, 0xc1, 0xae, 0x19, 0x2f, 0x0e, 0xdb, 0x5e,
  0x02, 0x00, 0x00, 0x00, 0x02, 0x00, 0x00, 0x00, 0x04, 0x00, 0x00, 0x00, 0x06, 0x00, 0x00, 0x00,
  0x32, 0x2e, 0x32, 0x31, 0x2e, 0x30, 0x00, 0x00, 0xea, 0xe6, 0xff, 0xff, 0x04, 0x00, 0x00, 0x00,
  0x10, 0x00, 0x00, 0x00, 0x31, 0x2e, 0x31, 0x34, 0x2e, 0x30, 0x00, 0x00, 0x00, 0x00, 0x00, 0x00,
  0x00, 0x00, 0x00, 0x00, 0xc8, 0xc0, 0xff, 0xff, 0xcc, 0xc0, 0xff, 0xff, 0xd0, 0xc0, 0xff, 0xff,
  0xd4, 0xc0, 0xff, 0xff, 0xd8, 0xc0, 0xff, 0xff, 0xdc, 0xc0, 0xff, 0xff, 0xe0, 0xc0, 0xff, 0xff,
  0x22, 0xe7, 0xff, 0xff, 0x04, 0x00, 0x00, 0x00, 0x00, 0x06, 0x00, 0x00, 0xc5, 0xc5, 0xdb, 0x03,
  0xbc, 0x40, 0x42, 0x1a, 0xd1, 0xf1, 0xe4, 0xde, 0x0e, 0x2d, 0xf3, 0x21, 0x30, 0x20, 0xbb, 0xf5,
  0x27, 0x0a, 0xbc, 0xf9, 0xfd, 0xad, 0xe8, 0xe9, 0xfb, 0x49, 0xf7, 0x1c, 0xba, 0x10, 0xf7, 0xfa,
  0xf7, 0x10, 0xdd, 0xe6, 0xfb, 0xaf, 0x42, 0xff, 0xe9, 0x39, 0xcb, 0x21, 0x31, 0x12, 0xf5, 0x3d,
  0xb0, 0xd8, 0xf2, 0xf6, 0xe8, 0xc0, 0xe2, 0x22, 0x09, 0x3f, 0xbd, 0xe7, 0xb7, 0x0f, 0xe7, 0xf1,
  0xdd, 0x02, 0xa1, 0x36, 0x1f, 0xf9, 0x0d, 0xb4, 0xf3, 0xf9, 0x93, 0xfa, 0x1a, 0xf7, 0x04, 0x00,
  0xbe, 0xdb, 0xdb, 0xed, 0xf8, 0xcd, 0xbc, 0x2c, 0x1a, 0xe3, 0x06, 0xf5, 0x0c, 0xf2, 0x30, 0xf2,
  0x08, 0xd0, 0x09, 0x30, 0x23, 0xc7, 0xbc, 0x20, 0x21, 0xd4, 0x39, 0xe3, 0xc8, 0xf9, 0x3a, 0x00,
  0x0d, 0xe8, 0x15, 0x20, 0x20, 0x20, 0x4c, 0xfe, 0xf5, 0xf6, 0x37, 0x3a, 0xf6, 0xe0, 0x28, 0x28,
  0xf4, 0x41, 0x42, 0x0a, 0xda, 0xd1, 0xf4, 0x35, 0xf5, 0xea, 0x4a, 0x10, 0xd7, 0x07, 0xfb, 0x06,
  0x44, 0xee, 0xed, 0x1b, 0xf7, 0xeb, 0x50, 0x20, 0xc5, 0xd6, 0x53, 0x05, 0xda, 0xe0, 0x32, 0x0e,
  0xe1, 0x4d, 0x51, 0xb4, 0xf9, 0x1a, 0x04, 0x15, 0xe9, 0xac, 0x6f, 0xcf, 0x9b, 0x05, 0x38, 0xd1,
  0x1b, 0xcd, 0x3f, 0x02, 0x07, 0x18, 0x02, 0x3e, 0xf7, 0xbe, 0x06, 0x0b, 0xcb, 0x1a, 0x9b, 0x06,
  0xbd, 0x2e, 0x29, 0x19, 0x08, 0xd7, 0xf5, 0xf4, 0xb5, 0x53, 0x00, 0xd3, 0x57, 0x09, 0xfe, 0xf5,
  0xe7, 0xa1, 0xec, 0xeb, 0xd8, 0xe4, 0xee, 0x14, 0x2b, 0x11, 0x10, 0xfc, 0x16, 0x00, 0xe4, 0xd3,
  0x01, 0x0d, 0xc3, 0xfd, 0xd8, 0xd0, 0x35, 0xed, 0xc3, 0x06, 0xc1, 0x0b, 0x2a, 0x3e, 0xf6, 0xe2,
  0xe7, 0xb8, 0xba, 0xdc, 0xf7, 0xd1, 0xbc, 0xfe, 0x09, 0x25, 0xc3, 0xc2, 0xcf, 0xec, 0x03, 0xd7,
  0xd0, 0xcf, 0xd5, 0xe3, 0x3e, 0xe8, 0xfc, 0xe2, 0xc8, 0x3e, 0x9f, 0x16, 0x28, 0x03, 0xd3, 0x45,
  0xb6, 0xcd, 0xc9, 0xd1, 0xc7, 0xe1, 0xc5, 0x41, 0x1e, 0x40, 0xa9, 0xcb, 0x11, 0xd9, 0x21, 0x21,
  0x2e, 0xf4, 0xc4, 0xfa, 0xea, 0x00, 0x0c, 0x15, 0xe9, 0x0c, 0xc5, 0x1c, 0xc8, 0xbf, 0xd6, 0x2b,
  0xff, 0x10, 0xed, 0xdf, 0x4a, 0x1c, 0xc7, 0xf8, 0xfc, 0xcd, 0x27, 0xde, 0x25, 0x08, 0x23, 0xe0,
  0x14, 0xe8, 0xeb, 0xfc, 0xce, 0x10, 0xd0, 0xfe, 0xee, 0xfe, 0x02, 0x18, 0xf4, 0xfb, 0xf3, 0xfb,
  0x23, 0xee, 0x1c, 0x09, 0xde, 0xd4, 0xe4, 0x26, 0xfb, 0x17, 0x1e, 0xf9, 0x1a, 0x25, 0xf5, 0x03,
  0x02, 0xd8, 0x17, 0xdd, 0xc9, 0xf9, 0xeb, 0xf2, 0xe3, 0xd2, 0x10, 0x25, 0x1e, 0x1e, 0xd2, 0xe5,
  0xe4, 0x14, 0x16, 0x24, 0x0d, 0x13, 0x2b, 0xdf, 0xf8, 0xd3, 0xf9, 0xc0, 0x0e, 0x57, 0x28, 0x31,
  0x2c, 0xe6, 0xdb, 0x1e, 0x1a, 0x2a, 0x29, 0x0e, 0x29, 0x05, 0x0c, 0x24, 0xf9, 0x29, 0xf7, 0x0f,
  0xcc, 0xd7, 0xbd, 0xe1, 0xe2, 0xfa, 0xe0, 0x0e, 0x28, 0x54, 0xca, 0x2d, 0x1e, 0x02, 0x2e, 0xe7,
  0x0e, 0xd8, 0x0f, 0x09, 0xfc, 0x10, 0x2c, 0xf4, 0x2a, 0x22, 0xe1, 0xfc, 0x07, 0x05, 0x03, 0xd4,
  0xd7, 0xec, 0x0f, 0xc7, 0x1d, 0xe2, 0xce, 0xda, 0x2b, 0x13, 0xbd, 0xe1, 0xed, 0x55, 0x25, 0xe6,
  0x00, 0xe9, 0xd8, 0x12, 0x53, 0x1c, 0x1d, 0x3a, 0x1b, 0x57, 0xcd, 0x3c, 0x11, 0xe8, 0x2a, 0x45,
  0xb7, 0x3b, 0x38, 0xf9, 0x27, 0x18, 0xad, 0x15, 0x2b, 0x06, 0xee, 0xf3, 0x00, 0x19, 0x33, 0x0e,
  0xe2, 0x01, 0x4d, 0x0b, 0xde, 0x1b, 0x32, 0xfc, 0xea, 0x0c, 0x28, 0xf5, 0xbd, 0xf5, 0x1c, 0xfe,
  0x20, 0x33, 0x23, 0x25, 0xdf, 0xf6, 0x07, 0xee, 0xdb, 0xce, 0x2d, 0x08, 0x38, 0xf1, 0x30, 0x42,
  0x20, 0x30, 0x07, 0x0b, 0x01, 0x22, 0x09, 0x29, 0x25, 0xb6, 0x17, 0xc7, 0xf1, 0xe4, 0x15, 0xcd,
  0x23, 0x39, 0x11, 0x1e, 0x40, 0x1e, 0x12, 0xfe, 0xf9, 0xdd, 0x33, 0x21, 0xf5, 0xe8, 0x05, 0xd8,
  0x13, 0x35, 0x48, 0x0c, 0xeb, 0x42, 0xf8, 0xe4, 0xeb, 0xfd, 0x29, 0x26, 0xdd, 0xca, 0x00, 0xff,
  0xda, 0x0e, 0x13, 0x0e, 0x22, 0x21, 0x35, 0x25, 0xf4, 0xc8, 0xe2, 0xe0, 0xd7, 0xe6, 0xf5, 0x0a,
  0xf4, 0xc2, 0x14, 0xd8, 0xcc, 0xd4, 0xba, 0x05, 0x22, 0x10, 0xef, 0xd9, 0xd2, 0x19, 0xfc, 0x10,
  0xee, 0xea, 0xd8, 0x28, 0x08, 0x0b, 0x42, 0xdf, 0xf6, 0xd0, 0x15, 0xed, 0x0b, 0xea, 0x35, 0x37,
  0x02, 0x3c, 0x62, 0x28, 0x0a, 0xd3, 0xf6, 0x2e, 0x0b, 0xac, 0x7f, 0x11, 0xe2, 0xb2, 0x02, 0xe0,
  0xe2, 0x3f, 0x1f, 0xdd, 0xef, 0x40, 0x69, 0x17, 0xdc, 0xe2, 0x0e, 0xdb, 0xf0, 0x27, 0xfa, 0xeb,
  0x55, 0x55, 0x46, 0xde, 0x14, 0xe8, 0x1e, 0x38, 0x1b, 0xd2, 0x56, 0xf2, 0xe7, 0x02, 0x03, 0x13,
  0xef, 0xec, 0x49, 0x0b, 0x4b, 0xed, 0x1d, 0x2c, 0xdc, 0xeb, 0xfe, 0x0d, 0x01, 0x0a, 0x24, 0x25,
  0x13, 0xeb, 0xd1, 0x09, 0x32, 0x3b, 0x02, 0x34, 0x44, 0x01, 0xf9, 0x0f, 0xcb, 0xd9, 0x1f, 0xca,
  0x0b, 0x34, 0xeb, 0xf2, 0x3c, 0x2c, 0xf7, 0xd3, 0xc6, 0x30, 0x1a, 0x0d, 0x3f, 0x0f, 0x29, 0xd3,
  0x1c, 0x1c, 0x07, 0x28, 0x1e, 0x0a, 0x13, 0x1e, 0x28, 0x31, 0xd7, 0x16, 0x0b, 0xd2, 0x18, 0xc2,
  0xb6, 0x4d, 0x3f, 0x00, 0x1f, 0xe1, 0xfa, 0xeb, 0xee, 0x02, 0xe4, 0x22, 0x4c, 0x31, 0x0a, 0x2f,
  0x23, 0xd8, 0xfa, 0x14, 0x19, 0x6b, 0x57, 0xe9, 0x1d, 0xd9, 0x22, 0xfc, 0x1e, 0x05, 0xf6, 0x07,
  0xcf, 0x51, 0xed, 0x18, 0x0c, 0x32, 0xcf, 0x00, 0x20, 0xef, 0xf5, 0xf1, 0x05, 0x04, 0xec, 0xf1,
  0xe8, 0xc5, 0x0c, 0xec, 0x07, 0x07, 0xb6, 0xf0, 0x0a, 0xfe, 0x03, 0xf2, 0x3b, 0x12, 0xfa, 0xfb,
  0xf2, 0x12, 0xda, 0xf0, 0x00, 0xc3, 0xca, 0xe9, 0x27, 0x23, 0xff, 0xd3, 0x02, 0xd4, 0xe8, 0xef,
  0xd7, 0xc8, 0xee, 0xf3, 0x09, 0xd5, 0xe1, 0xec, 0xe2, 0x1e, 0xf0, 0xce, 0x07, 0xd9, 0xda, 0x1f,
  0xba, 0xc6, 0xf4, 0x1d, 0x10, 0xc7, 0xf0, 0x09, 0xf0, 0x2b, 0xf2, 0xbb, 0x16, 0xc2, 0xc7, 0x20,
  0xeb, 0x0d, 0x99, 0xe2, 0xbf, 0x34, 0x27, 0x16, 0xca, 0xf9, 0x02, 0xfb, 0xfb, 0xfb, 0x0e, 0xe6,
  0xcb, 0xd5, 0x12, 0xff, 0xc4, 0x22, 0xca, 0x1c, 0x1b, 0x17, 0xd7, 0xdf, 0xe2, 0xe8, 0x3f, 0x07,
  0xeb, 0xb5, 0xd9, 0xe7, 0xcb, 0xb3, 0xdf, 0xff, 0x22, 0x1c, 0x2f, 0xe5, 0xb3, 0x38, 0x2f, 0xd9,
  0x3d, 0x28, 0x06, 0x33, 0x32, 0xf6, 0x00, 0xd5, 0x2d, 0xf2, 0x09, 0xeb, 0x04, 0x0c, 0x15, 0xe8,
  0xe3, 0x2b, 0x5c, 0xfd, 0xde, 0xa4, 0xd3, 0x0d, 0xe8, 0xcc, 0x34, 0x38, 0xf4, 0xd6, 0xee, 0xc0,
  0x3e, 0x40, 0x18, 0x12, 0x38, 0x16, 0x2b, 0xff, 0xe3, 0xc5, 0xf4, 0x04, 0x2a, 0xf0, 0x37, 0x3d,
  0x15, 0x58, 0x66, 0xfc, 0xe0, 0xf4, 0xd0, 0x37, 0x29, 0xfd, 0x2b, 0x28, 0xde, 0xdc, 0x20, 0xff,
  0x37, 0x0f, 0x2a, 0x0e, 0x13, 0xf0, 0x68, 0xf0, 0xf6, 0xce, 0x46, 0x0f, 0x01, 0x3e, 0x1c, 0x26,
  0x36, 0x04, 0xa4, 0x2e, 0x07, 0x16, 0x02, 0x0f, 0x0f, 0x1b, 0xd5, 0x26, 0xe2, 0x1b, 0x2c, 0x30,
  0x02, 0x10, 0x0a, 0x06, 0x20, 0x0d, 0xca, 0xd2, 0xf1, 0x15, 0xca, 0xc1, 0xec, 0x14, 0x03, 0x26,
  0xfa, 0xef, 0xba, 0x31, 0x39, 0x13, 0xdc, 0x26, 0x3b, 0x57, 0xa2, 0xfe, 0xff, 0x0b, 0x31, 0x35,
  0xac, 0x36, 0x43, 0xeb, 0xe3, 0x0e, 0xb1, 0xcb, 0xf4, 0x37, 0xb0, 0xc5, 0x2b, 0x62, 0x19, 0xf0,
  0x15, 0x09, 0xc5, 0x06, 0x52, 0x37, 0x05, 0x51, 0x30, 0x1c, 0xc7, 0x1f, 0x46, 0x2c, 0x21, 0x5d,
  0xfc, 0x3e, 0xf9, 0x0e, 0xf5, 0x30, 0xae, 0x3d, 0x27, 0x2a, 0x08, 0xe5, 0xfb, 0x42, 0xdc, 0x21,
  0x31, 0xca, 0x0f, 0x30, 0x36, 0xcf, 0xcb, 0xec, 0x2c, 0x1b, 0xd9, 0x23, 0x09, 0xcf, 0x2d, 0xc3,
  0xac, 0xf1, 0xd0, 0xc9, 0x23, 0x21, 0xce, 0xdb, 0x1a, 0x1c, 0xe7, 0xd6, 0x12, 0x14, 0x0c, 0xe8,
  0x1a, 0xcb, 0xf6, 0xd4, 0xdf, 0x04, 0xe8, 0x00, 0x01, 0xfc, 0xdf, 0x3c, 0xff, 0xd6, 0xf9, 0xde,
  0xf7, 0xdd, 0x2c, 0xd2, 0xff, 0x40, 0xf7, 0xe1, 0xf8, 0x16, 0xdd, 0xfc, 0x07, 0x03, 0xdd, 0xf6,
  0xe7, 0xe7, 0xe4, 0xe7, 0xd3, 0xe7, 0x49, 0x34, 0x18, 0xda, 0xeb, 0x01, 0x2a, 0xe5, 0xdf, 0x27,
  0xc2, 0xfb, 0x21, 0xde, 0xef, 0xe6, 0xec, 0x3d, 0x14, 0x24, 0xfc, 0xef, 0x08, 0xed, 0xe3, 0xde,
  0xe7, 0x18, 0xf4, 0x0b, 0x0b, 0xca, 0x17, 0xda, 0xe8, 0x64, 0xd6, 0xdd, 0xf5, 0xf3, 0xe0, 0x00,
  0xce, 0xb1, 0xc5, 0xcc, 0xeb, 0xf9, 0xca, 0x23, 0x07, 0x06, 0xae, 0x04, 0xea, 0xd9, 0xca, 0x10,
  0xc1, 0xd2, 0xbf, 0x3a, 0x09, 0x0a, 0x0f, 0x14, 0xe9, 0x1c, 0xb5, 0xdf, 0x45, 0x18, 0xf6, 0xf8,
  0xd4, 0xde, 0xec, 0xe7, 0xf7, 0x07, 0xe5, 0x29, 0x2c, 0x2e, 0xf8, 0xc3, 0xc6, 0xe9, 0xc7, 0xf9,
  0xc7, 0xdc, 0xfc, 0xd7, 0x31, 0x2d, 0x0c, 0xe2, 0x15, 0xfe, 0xf4, 0xe9, 0x16, 0x15, 0xe6, 0x0f,
  0xbc, 0xdc, 0xfb, 0x07, 0x20, 0xe7, 0xd0, 0x2b, 0x38, 0x2b, 0xaf, 0xe8, 0x26, 0xec, 0xee, 0x01,
  0xf5, 0xcc, 0xd2, 0x21, 0xf1, 0xd3, 0x1a, 0x2e, 0x2c, 0x22, 0x41, 0xd6, 0x09, 0x14, 0x18, 0xf2,
  0x03, 0xe6, 0x2a, 0xe9, 0xe9, 0xdd, 0x04, 0x0f, 0xd5, 0xc6, 0x16, 0x13, 0xe8, 0x0d, 0x07, 0xd9,
  0x26, 0x35, 0x18, 0x1a, 0xd0, 0xfe, 0xc1, 0xff, 0xdf, 0xef, 0x12, 0xf3, 0xcf, 0xd6, 0x20, 0x05,
  0x31, 0x2f, 0x0e, 0xfc, 0x02, 0xfa, 0x6b, 0xfd, 0x1c, 0x17, 0x0e, 0xf1, 0x24, 0x0c, 0x0f, 0x31,
  0x2a, 0x19, 0x27, 0xea, 0xf1, 0xd4, 0x15, 0xe0, 0x03, 0xe1, 0x5a, 0xfb, 0x06, 0xda, 0x24, 0x0e,
  0xd8, 0xfa, 0x09, 0xe0, 0x21, 0x2b, 0xd3, 0xe7, 0x1b, 0x16, 0x21, 0x20, 0x15, 0x05, 0x04, 0xf6,
  0xd6, 0x0f, 0xfd, 0x2b, 0xde, 0x8f, 0xff, 0x24, 0xcb, 0xcd, 0x27, 0xca, 0xde, 0xef, 0x32, 0xe5,
  0x4b, 0xd1, 0x1e, 0xe2, 0xfe, 0xe5, 0x11, 0xe9, 0xed, 0xf6, 0x42, 0x32, 0x35, 0xe7, 0x2e, 0x07,
  0xe6, 0xf4, 0x01, 0xe9, 0xd3, 0xcf, 0xc7, 0x03, 0xf5, 0xf1, 0x67, 0x22, 0xbf, 0x01, 0x4b, 0x00,
  0x4f, 0x0f, 0xe8, 0x31, 0x04, 0x13, 0x35, 0xe4, 0xef, 0xc8, 0x2f, 0xf1, 0xfc, 0xe8, 0xed, 0xfe,
  0x10, 0x28, 0x5b, 0xfc, 0xd8, 0x34, 0xd0, 0x1b, 0x1d, 0xb0, 0x44, 0x0e, 0xa2, 0xe7, 0xe6, 0x09,
  0x28, 0x39, 0x42, 0x16, 0x29, 0x37, 0x36, 0x15, 0xf3, 0xd0, 0x28, 0x17, 0xfd, 0xdb, 0x42, 0x23,
  0x1d, 0xea, 0xe6, 0xe9, 0xf8, 0xed, 0xbe, 0x02, 0xd8, 0xf1, 0x1c, 0x1d, 0xf5, 0x3f, 0x1a, 0x09,
  0x0f, 0x18, 0x18, 0xf6, 0xe0, 0xd4, 0x0f, 0xe1, 0x02, 0x13, 0xfe, 0x07, 0x28, 0x1b, 0x1e, 0xe0,
  0x23, 0x12, 0x17, 0xfe, 0x17, 0xcd, 0x0c, 0xd8, 0xe3, 0x14, 0x10, 0x2c, 0x0b, 0xdd, 0xe5, 0xa8,
  0x25, 0xec, 0x21, 0x08, 0x13, 0xfb, 0x29, 0x12, 0xe3, 0xd1, 0x08, 0xd0, 0x08, 0x0a, 0xef, 0xd2,
  0xe6, 0xfe, 0x50, 0x02, 0xdb, 0xf2, 0x02, 0xe5, 0x02, 0xe8, 0x4e, 0xe1, 0xd6, 0xee, 0x0b, 0xf2,
  0x45, 0xfb, 0x0c, 0x16, 0x35, 0x31, 0x5b, 0x10, 0xf9, 0xcb, 0x00, 0x44, 0xf0, 0xc6, 0xff, 0xff,
  0xf4, 0xc6, 0xff, 0xff, 0xf8, 0xc6, 0xff, 0xff, 0xfc, 0xc6, 0xff, 0xff, 0x00, 0xc7, 0xff, 0xff,
  0x04, 0xc7, 0xff, 0xff, 0x08, 0xc7, 0xff, 0xff, 0x0c, 0xc7, 0xff, 0xff, 0x4e, 0xed, 0xff, 0xff,
  0x04, 0x00, 0x00, 0x00, 0x00, 0x0c, 0x00, 0x00, 0x43, 0x20, 0x1a, 0x01, 0xe3, 0xd3, 0x14, 0x18,
  0xaa, 0xd1, 0xec, 0xda, 0xf2, 0x24, 0x2b, 0xe3, 0x00, 0x0b, 0x1d, 0x23, 0xfe, 0xe1, 0x2c, 0x1f,
  0xcf, 0x10, 0x0d, 0xce, 0xbb, 0x1b, 0xd3, 0xe6, 0x34, 0x05, 0x1b, 0x1c, 0xff, 0xfc, 0xe4, 0x23,
  0x17, 0xee, 0xca, 0xc6, 0xea, 0x24, 0xf4, 0x0a, 0xdb, 0x09, 0x34, 0xfe, 0xd5, 0x20, 0x14, 0x11,
  0xff, 0x10, 0x00, 0xe4, 0x29, 0xfe, 0xd9, 0x0c, 0xea, 0x00, 0x33, 0xf6, 0xf8, 0xd2, 0x16, 0x4d,
  0xd4, 0xf5, 0xf3, 0xe7, 0xeb, 0x10, 0xf7, 0xdc, 0xd6, 0xe7, 0x31, 0xe7, 0xfc, 0x04, 0x32, 0xfa,
  0x07, 0xf7, 0x11, 0xe2, 0xfb, 0x43, 0xdd, 0xf7, 0x23, 0x3e, 0xcf, 0x0c, 0x04, 0x29, 0xe8, 0x05,
  0x26, 0x21, 0xf1, 0x30, 0x28, 0x0a, 0x13, 0xd6, 0xfb, 0x2e, 0xef, 0xc1, 0xed, 0xea, 0xea, 0xf1,
  0xe0, 0xfc, 0xd1, 0x23, 0x16, 0x22, 0xe4, 0x31, 0x10, 0x30, 0x15, 0x1e, 0xd4, 0x2c, 0xec, 0xd7,
  0xd4, 0xef, 0xdd, 0xe0, 0xf2, 0x01, 0x16, 0xcd, 0x04, 0xc5, 0xc9, 0xef, 0x1e, 0x22, 0xdf, 0x1e,
  0xfd, 0x0a, 0xe2, 0xbb, 0xdc, 0x0c, 0x34, 0x06, 0xcb, 0xe3, 0xdc, 0x19, 0xfc, 0x08, 0x30, 0xf3,
  0x1f, 0x2c, 0xde, 0xdb, 0x1b, 0xe8, 0x26, 0x04, 0x24, 0xbb, 0xd2, 0xfd, 0xf8, 0xf4, 0x01, 0xdf,
  0x33, 0x1c, 0xe1, 0xfe, 0x22, 0xfa, 0x08, 0x00, 0x11, 0xd0, 0x09, 0xf0, 0xff, 0x21, 0xff, 0xfd,
  0xa9, 0x2a, 0x2d, 0xcf, 0xc4, 0x11, 0xfe, 0x14, 0x34, 0xea, 0x24, 0xf7, 0x09, 0xf2, 0x1a, 0xe2,
  0xde, 0x0e, 0xdd, 0xb7, 0x12, 0x10, 0x28, 0xfb, 0x37, 0xd0, 0x2c, 0xff, 0x09, 0xe9, 0xfb, 0x2f,
  0xd4, 0xed, 0x39, 0xcb, 0xf7, 0xe7, 0x41, 0xec, 0xfa, 0x20, 0x12, 0xf9, 0x09, 0x21, 0x09, 0xf2,
  0x02, 0xdf, 0x22, 0xb9, 0x30, 0xeb, 0x08, 0xfd, 0xe7, 0xf9, 0xf1, 0xf3, 0xf6, 0xf0, 0xef, 0xfc,
  0xdb, 0x0a, 0xca, 0xfe, 0xf6, 0xc1, 0xf2, 0xc3, 0x00, 0x1b, 0x1c, 0x01, 0x22, 0x0a, 0x1b, 0xff,
  0x16, 0xc0, 0xda, 0xbc, 0x06, 0x20, 0xe4, 0xfa, 0x55, 0xf2, 0xf0, 0x05, 0x21, 0xfd, 0xf6, 0x2d,
  0xdf, 0xf8, 0x30, 0xd5, 0xf0, 0x0f, 0x0a, 0xf1, 0xf5, 0xe6, 0x17, 0x13, 0x23, 0x15, 0x08, 0x0a,
  0xcf, 0xf9, 0x3a, 0xed, 0xd2, 0x3c, 0xec, 0x0d, 0x7c, 0x1e, 0x0b, 0x03, 0x2b, 0xf9, 0x0c, 0xe6,
  0xec, 0x14, 0xf6, 0x17, 0xc4, 0x1f, 0xf2, 0xa5, 0xeb, 0x2e, 0xe3, 0x11, 0xdc, 0x17, 0xe6, 0xda,
  0xd0, 0xf1, 0xfe, 0xe9, 0x07, 0x44, 0xd8, 0x05, 0x23, 0x0a, 0xfc, 0xf7, 0x21, 0xd2, 0xcc, 0x1b,
  0x03, 0xe6, 0x5d, 0xd0, 0xcf, 0x24, 0x1f, 0x13, 0x19, 0x2b, 0x23, 0x21, 0xe9, 0xfd, 0x2a, 0x2e,
  0x0c, 0x15, 0x2e, 0xfb, 0xe4, 0x45, 0x08, 0xfb, 0xdb, 0xed, 0xea, 0x27, 0x0d, 0xc0, 0xf0, 0x0a,
  0xe3, 0xe2, 0x14, 0x0f, 0xdd, 0x0c, 0x13, 0xfd, 0x0d, 0xe0, 0x29, 0xe2, 0x05, 0xf5, 0xe5, 0x0b,
  0xff, 0x2b, 0xee, 0xd5, 0x0a, 0xd7, 0x1d, 0xee, 0x06, 0xf5, 0x2c, 0xe1, 0xca, 0x12, 0xd2, 0x1c,
  0x1a, 0x11, 0x2d, 0x15, 0x22, 0x0e, 0xff, 0x9b, 0x11, 0x50, 0xfe, 0xd8, 0x0e, 0xdd, 0x07, 0x13,
  0xd3, 0x0d, 0xf1, 0xc4, 0xc9, 0x28, 0xea, 0x11, 0x1a, 0x26, 0x34, 0x1a, 0x09, 0xd9, 0xf9, 0x04,
  0x1b, 0xdc, 0x23, 0xc8, 0xe0, 0xfc, 0x1a, 0x21, 0x22, 0x0f, 0x0d, 0x3e, 0x03, 0xbd, 0x0e, 0xeb,
  0xf1, 0x1e, 0x1b, 0xfd, 0xd8, 0x14, 0x10, 0xdc, 0xed, 0x0e, 0x07, 0x0b, 0xef, 0x1f, 0x15, 0xd0,
  0x27, 0xff, 0x0d, 0x05, 0x38, 0xf3, 0x10, 0x3a, 0x07, 0x15, 0x22, 0x17, 0xe0, 0x01, 0xe3, 0x0d,
  0xf6, 0xe1, 0x16, 0x5f, 0x03, 0xe0, 0xf4, 0xf1, 0xdd, 0x03, 0xe9, 0xe7, 0x09, 0x30, 0x41, 0xfd,
  0x10, 0x0c, 0x07, 0x02, 0x2f, 0xec, 0xf8, 0x17, 0xfc, 0xec, 0xe0, 0x19, 0xe7, 0xed, 0xd0, 0x14,
  0x1a, 0x01, 0x04, 0x1b, 0x0d, 0xfc, 0x34, 0x13, 0xe1, 0x12, 0x23, 0x16, 0xfa, 0xd7, 0x01, 0xf3,
  0x41, 0xea, 0x13, 0x1e, 0x5c, 0x01, 0x01, 0x5e, 0xe6, 0xee, 0x00, 0xd9, 0xda, 0xf9, 0xdc, 0xd0,
  0xef, 0xec, 0x34, 0x7f, 0x2c, 0xd2, 0x05, 0x02, 0x1e, 0xea, 0xd6, 0x2b, 0xe1, 0x4c, 0x09, 0xd0,
  0x2d, 0x21, 0xe1, 0x04, 0x2f, 0x0c, 0xd7, 0x2d, 0xfc, 0xf6, 0xf7, 0xfd, 0xf2, 0xf1, 0xd8, 0x3d,
  0xe7, 0xca, 0xcc, 0x62, 0x1b, 0xe7, 0xf2, 0xf7, 0xfc, 0x13, 0x19, 0xec, 0xe8, 0x21, 0x23, 0xce,
  0x3d, 0x0d, 0x19, 0x45, 0x2e, 0xf4, 0x02, 0x3c, 0xed, 0xff, 0xb8, 0xe9, 0xd6, 0x00, 0xf5, 0x07,
  0x21, 0xf3, 0xa3, 0x32, 0x2a, 0x0a, 0x1c, 0x13, 0xed, 0xeb, 0xec, 0x0a, 0xee, 0x1e, 0xfe, 0x05,
  0x30, 0x30, 0xd3, 0x0a, 0x19, 0x15, 0xfa, 0x25, 0xc9, 0x02, 0xf4, 0xe8, 0x0e, 0x08, 0xf8, 0x1e,
  0x05, 0xe1, 0xd4, 0x44, 0x20, 0xff, 0x2b, 0x1e, 0x39, 0xea, 0xff, 0x10, 0x06, 0x0d, 0xed, 0xf8,
  0xe5, 0xc4, 0x3b, 0xe9, 0xe8, 0xec, 0x20, 0xbd, 0x38, 0xdf, 0x11, 0xe1, 0xf2, 0xff, 0x39, 0xed,
  0x26, 0xc5, 0x03, 0xff, 0x02, 0xe7, 0xe1, 0xe4, 0x41, 0x0e, 0xfa, 0xe9, 0xe4, 0xdf, 0x0f, 0x04,
  0xf0, 0x13, 0xf8, 0x10, 0x1a, 0x18, 0x15, 0xec, 0x0f, 0xf9, 0xe3, 0xfa, 0xc0, 0xfc, 0xf0, 0xe7,
  0xd3, 0x04, 0xfa, 0xed, 0x08, 0xd0, 0xf6, 0xd6, 0x15, 0xc3, 0x00, 0xdb, 0x07, 0x10, 0xc0, 0x1d,
  0x1f, 0x03, 0x02, 0xec, 0x10, 0x1c, 0xf2, 0x00, 0x37, 0x20, 0xfb, 0xdc, 0xeb, 0xf1, 0x3b, 0x17,
  0x2b, 0x28, 0x2f, 0xff, 0xff, 0xfb, 0x18, 0xe8, 0x11, 0xde, 0xf7, 0x19, 0x06, 0x25, 0x3e, 0xf5,
  0xe1, 0xfe, 0x26, 0xde, 0x1e, 0x19, 0x0c, 0xfc, 0xd4, 0x5f, 0xca, 0xb6, 0xe5, 0xfb, 0x05, 0x18,
  0xdb, 0x32, 0x0d, 0x0e, 0xe3, 0xca, 0x49, 0xfb, 0x03, 0x29, 0xc7, 0x04, 0xf6, 0x24, 0x06, 0x23,
  0x2a, 0x36, 0xd8, 0xd2, 0xd4, 0xe2, 0x11, 0xd8, 0x0d, 0xca, 0xfe, 0x44, 0xfb, 0x03, 0x0e, 0x31,
  0x0b, 0x2a, 0xfe, 0xf4, 0x1c, 0xdc, 0xfa, 0x1b, 0xf1, 0xc3, 0x05, 0xdd, 0x03, 0xf5, 0x23, 0x11,
  0xd2, 0x0a, 0xd7, 0x1e, 0xd4, 0x19, 0xfd, 0xf8, 0x11, 0xf4, 0x0f, 0xf4, 0x07, 0xea, 0xd5, 0xfb,
  0x2a, 0xe9, 0xf3, 0x15, 0xff, 0xd5, 0x28, 0x28, 0x0c, 0x29, 0xcb, 0xfe, 0xfd, 0x79, 0x1f, 0xa6,
  0xf2, 0x45, 0xec, 0xfa, 0xd0, 0xe2, 0x01, 0x05, 0x19, 0xe8, 0x93, 0xac, 0xba, 0xde, 0xfb, 0x34,
  0xd3, 0xca, 0xd5, 0xe8, 0xfa, 0xe1, 0x31, 0x2b, 0x07, 0xe2, 0xcd, 0xc4, 0xe8, 0xfd, 0x26, 0xe1,
  0xde, 0x24, 0x0f, 0xe5, 0xd2, 0xfd, 0x10, 0x2d, 0x12, 0xec, 0xc3, 0xfa, 0x2b, 0x02, 0x0f, 0x19,
  0xf7, 0x55, 0xd1, 0x22, 0x12, 0xe7, 0x31, 0x2b, 0xf9, 0xfd, 0xe0, 0xec, 0xd5, 0x0a, 0x2c, 0xc5,
  0x1f, 0x14, 0xe7, 0xeb, 0xf2, 0xf4, 0xf4, 0xde, 0x0e, 0x1d, 0x0b, 0xe5, 0x0e, 0xf2, 0x06, 0xfc,
  0x10, 0xfc, 0xc1, 0x33, 0x1c, 0xfb, 0xf4, 0x18, 0xdc, 0xe5, 0xd5, 0xc5, 0xda, 0x51, 0x19, 0xec,
  0xed, 0x1f, 0xf4, 0xe3, 0x0c, 0xe4, 0xf1, 0x23, 0x2a, 0xcb, 0xad, 0xd8, 0x01, 0x09, 0xd4, 0x44,
  0xdc, 0x33, 0xe0, 0xfe, 0xcf, 0xe8, 0x18, 0xf4, 0xfe, 0xda, 0xc3, 0xd3, 0x4c, 0x1d, 0xf8, 0xca,
  0x43, 0x17, 0x00, 0xf7, 0x08, 0x20, 0xc5, 0xea, 0xea, 0x16, 0xb0, 0xdb, 0x13, 0xe9, 0x1f, 0x1f,
  0xe5, 0xe9, 0xdb, 0x1c, 0xf5, 0xf4, 0x10, 0xfb, 0xbc, 0x0b, 0xf3, 0x0a, 0x29, 0x0d, 0x3b, 0xe7,
  0x16, 0xfe, 0x09, 0xd5, 0x01, 0x2e, 0x46, 0xf3, 0x25, 0xee, 0xda, 0xe4, 0x14, 0x0a, 0xf1, 0x05,
  0x04, 0xd7, 0xc4, 0x19, 0x26, 0xeb, 0x3a, 0xe6, 0x24, 0xfd, 0x06, 0x2e, 0xf4, 0x1a, 0x0b, 0xfb,
  0xc3, 0xcb, 0xf2, 0xe9, 0xf1, 0xd4, 0x28, 0xcb, 0xfe, 0xf8, 0x32, 0xf7, 0x01, 0xea, 0x31, 0xcf,
  0x0a, 0x19, 0x1b, 0xff, 0xcd, 0x23, 0x15, 0xe1, 0x12, 0x1e, 0xfd, 0x05, 0xdf, 0xd2, 0xd6, 0x0e,
  0xee, 0xc0, 0xf9, 0xe9, 0xe4, 0x0a, 0xde, 0xd4, 0xd3, 0xeb, 0x38, 0x0c, 0x02, 0x17, 0x2a, 0xd0,
  0xda, 0x25, 0xfd, 0xb1, 0xa5, 0x44, 0xe7, 0xfc, 0xd6, 0x22, 0x1a, 0x0c, 0xd7, 0xd2, 0xfe, 0x11,
  0xf3, 0xe2, 0x0d, 0xcf, 0xe0, 0xf5, 0x19, 0xe7, 0xd7, 0xe8, 0xe4, 0x0a, 0x12, 0x33, 0xe7, 0xee,
  0xd6, 0x13, 0x1a, 0x0a, 0xd0, 0xf7, 0x11, 0x07, 0x30, 0xe5, 0xfd, 0xf5, 0xfe, 0xda, 0xe9, 0xf2,
  0x08, 0x0a, 0x1c, 0xf8, 0xe7, 0x19, 0x07, 0xf6, 0x0e, 0x05, 0x1e, 0xe8, 0xe8, 0x0d, 0x19, 0x16,
  0xd5, 0x2d, 0x02, 0xf2, 0xfc, 0xdc, 0x06, 0x0e, 0xd2, 0xf5, 0x4a, 0xed, 0xf8, 0xe2, 0x05, 0xf7,
  0xfb, 0xd7, 0x32, 0xe9, 0xdb, 0xf2, 0x40, 0xe7, 0x03, 0x27, 0x2f, 0xc9, 0xed, 0xc6, 0x05, 0xe1,
  0xda, 0xf2, 0x05, 0xa5, 0xef, 0x03, 0xde, 0xfd, 0x05, 0x0d, 0xf6, 0xe2, 0xf8, 0xd9, 0x23, 0xf7,
  0xe4, 0xff, 0xf8, 0xdd, 0x0d, 0xf8, 0x36, 0xf5, 0x15, 0x08, 0x1e, 0xfe, 0xe2, 0x13, 0xe4, 0x09,
  0xd1, 0xf4, 0xe7, 0xd6, 0xfb, 0xd6, 0xc5, 0xd9, 0xe7, 0xea, 0xae, 0xdf, 0x15, 0x43, 0xfe, 0xe5,
  0xe0, 0x34, 0x06, 0x0a, 0x19, 0x22, 0xfa, 0xf1, 0x22, 0xd3, 0xe4, 0x29, 0x28, 0x04, 0x18, 0x27,
  0x37, 0x27, 0x06, 0xd0, 0x21, 0x12, 0x2c, 0xd8, 0xfc, 0x25, 0x9d, 0x0f, 0x4a, 0x49, 0x09, 0xc1,
  0xcc, 0x22, 0xdb, 0x09, 0xf4, 0xb8, 0xd4, 0x1b, 0x16, 0xbd, 0xe7, 0xfd, 0xf2, 0x18, 0x1d, 0xdc,
  0x1d, 0x35, 0x01, 0xfc, 0xe9, 0xec, 0x35, 0xec, 0x0c, 0x0a, 0x04, 0x0b, 0x22, 0x4b, 0x2d, 0xea,
  0x1d, 0x27, 0xce, 0xc3, 0xcb, 0xd2, 0x16, 0xfc, 0xd4, 0xf7, 0x18, 0x20, 0x0e, 0xc9, 0x07, 0x26,
  0x10, 0x41, 0xd9, 0x92, 0x2e, 0x0c, 0x0f, 0xc6, 0xf3, 0xea, 0x13, 0x02, 0xde, 0xe2, 0x15, 0x0b,
  0x1e, 0xfa, 0x11, 0x24, 0x30, 0xee, 0xf0, 0x30, 0xe7, 0xe3, 0x14, 0xf7, 0xef, 0xdb, 0xd0, 0x11,
  0x0c, 0xdc, 0x16, 0x33, 0x30, 0xe3, 0xf2, 0x16, 0x01, 0x0e, 0xee, 0x14, 0xf1, 0x02, 0x12, 0xf6,
  0x36, 0x1f, 0xde, 0x23, 0x20, 0xe7, 0x26, 0x2c, 0xdc, 0x25, 0xc7, 0x06, 0xf6, 0xed, 0xd4, 0x04,
  0x23, 0xcf, 0xc3, 0x48, 0x2d, 0x16, 0x15, 0x29, 0xe2, 0xdd, 0x0b, 0xec, 0xfd, 0xdd, 0xeb, 0x1c,
  0x3a, 0xf0, 0x02, 0x29, 0x02, 0x01, 0xee, 0x44, 0xe4, 0xd5, 0x1b, 0xe6, 0x1d, 0xcd, 0xe4, 0xe3,
  0x0c, 0xe7, 0x25, 0x41, 0x33, 0xbe, 0xe7, 0x22, 0x11, 0x1b, 0xf1, 0x03, 0x14, 0x0b, 0x03, 0xfe,
  0xed, 0xdf, 0x22, 0xf0, 0xf7, 0x11, 0x10, 0xe1, 0xfd, 0xb4, 0x32, 0x04, 0x06, 0x05, 0x13, 0xf8,
  0xe3, 0xe7, 0x23, 0xf4, 0xd6, 0xe4, 0xff, 0xe1, 0xdb, 0x01, 0xe7, 0x1d, 0x33, 0xe7, 0x0c, 0x04,
  0xe9, 0xed, 0x2c, 0x00, 0xf8, 0x17, 0x1d, 0x21, 0x01, 0xee, 0x0c, 0x23, 0x0b, 0x02, 0xe6, 0xc7,
  0x2b, 0x20, 0x44, 0x04, 0x06, 0xf5, 0x26, 0x2b, 0x3d, 0xdc, 0x04, 0x07, 0x5b, 0xfa, 0xf3, 0x28,
  0xea, 0x09, 0xf7, 0xe3, 0xde, 0xf4, 0xea, 0x0e, 0xcb, 0x26, 0x00, 0x29, 0xe5, 0xe2, 0x38, 0xe1,
  0x28, 0xdb, 0x05, 0xc1, 0x19, 0x08, 0xc2, 0xe2, 0xd3, 0x30, 0xbe, 0xe4, 0xf4, 0x2a, 0x20, 0xf8,
  0xfa, 0x21, 0x20, 0x29, 0xd5, 0xee, 0xee, 0xe7, 0x10, 0x48, 0xf1, 0xf5, 0xcb, 0x39, 0x1d, 0xef,
  0xef, 0x2a, 0xe0, 0x00, 0x31, 0x08, 0xf3, 0x37, 0x20, 0x1d, 0xd5, 0x07, 0xf9, 0x2a, 0x39, 0xf2,
  0xfe, 0x2d, 0xfa, 0xc8, 0xdb, 0x01, 0xdb, 0xd9, 0x1d, 0xf0, 0xee, 0xf1, 0x04, 0x2a, 0x07, 0x30,
  0x14, 0x1f, 0xda, 0x05, 0xeb, 0x31, 0x46, 0xfe, 0xde, 0x0c, 0xcd, 0x23, 0x1f, 0x2f, 0x24, 0xd6,
  0xd9, 0x32, 0xd8, 0xce, 0xe8, 0xf3, 0xe0, 0xfb, 0x2c, 0xc0, 0xdf, 0x1b, 0x15, 0x2d, 0x08, 0x23,
  0x17, 0x0d, 0xee, 0x30, 0xda, 0x4a, 0x29, 0xea, 0xff, 0xc6, 0xf1, 0xf9, 0xf1, 0x12, 0x18, 0x29,
  0xca, 0xd0, 0x01, 0xef, 0x24, 0xec, 0x17, 0x12, 0xe1, 0xf1, 0x0d, 0xe6, 0x32, 0xe5, 0xe3, 0xed,
  0x1a, 0x1a, 0xfa, 0xfc, 0xe8, 0xd5, 0x16, 0xf4, 0x12, 0x1e, 0x06, 0xe0, 0x1b, 0xcc, 0x26, 0x0f,
  0xe7, 0xf8, 0xb9, 0xdc, 0x38, 0x07, 0x01, 0xe0, 0x24, 0xd1, 0xf8, 0x18, 0x1d, 0x20, 0x02, 0xf7,
  0x2f, 0x46, 0x24, 0x17, 0x0d, 0x29, 0xfa, 0xd6, 0xf0, 0x13, 0x1f, 0xfc, 0xfa, 0xec, 0xf8, 0x12,
  0xba, 0xeb, 0xf1, 0xe9, 0x1e, 0xf9, 0x04, 0xdb, 0xe4, 0xb5, 0x15, 0x2c, 0xf7, 0x02, 0x0c, 0x1e,
  0x32, 0x04, 0xfd, 0x0c, 0x03, 0xe5, 0xe3, 0xf0, 0x16, 0xea, 0x3e, 0xe3, 0x2a, 0xc5, 0xff, 0x3d,
  0x14, 0xd0, 0x59, 0x12, 0xee, 0xe1, 0x19, 0x04, 0x27, 0x2f, 0x14, 0x00, 0xfa, 0xf1, 0x11, 0xc8,
  0x04, 0xf4, 0x52, 0xfa, 0xfd, 0x19, 0xd5, 0x12, 0xe2, 0xdd, 0x3d, 0x01, 0xf8, 0xbd, 0xe3, 0x21,
  0xc4, 0xf0, 0x10, 0x16, 0x1f, 0xe1, 0x1e, 0xb9, 0xe6, 0x08, 0x2e, 0xea, 0x3e, 0x29, 0x10, 0xd2,
  0xd7, 0xd3, 0xfd, 0xb0, 0x08, 0xea, 0xd8, 0x03, 0xcf, 0x0c, 0xf1, 0x1f, 0x3b, 0xde, 0xf1, 0xef,
  0xff, 0xe2, 0x22, 0x09, 0xe4, 0xfd, 0xef, 0xf8, 0x16, 0x32, 0x0a, 0xed, 0x01, 0xfd, 0x13, 0x16,
  0xc2, 0xd4, 0xff, 0xcd, 0xec, 0x06, 0xe2, 0xe6, 0xc5, 0x09, 0x02, 0xe6, 0xea, 0x15, 0x2e, 0xd7,
  0xf7, 0xf2, 0xf6, 0xe0, 0xf7, 0x04, 0xe2, 0x23, 0xe0, 0xc8, 0xca, 0xe6, 0xff, 0xf7, 0x00, 0x0f,
  0xec, 0x33, 0xd5, 0x2b, 0x01, 0x04, 0x1e, 0x0a, 0x26, 0x1a, 0x1e, 0x1a, 0xda, 0x29, 0xfc, 0xdd,
  0x11, 0x23, 0xc1, 0xec, 0x01, 0xc4, 0x22, 0xc5, 0xf2, 0x01, 0xc5, 0x1b, 0xc8, 0x32, 0xed, 0x06,
  0x33, 0xe0, 0xcb, 0xe3, 0xc4, 0x1a, 0xf1, 0xe2, 0x01, 0x1d, 0xcc, 0xeb, 0x0d, 0xfb, 0x08, 0xfa,
  0x2c, 0x49, 0xfc, 0x19, 0xe8, 0xe0, 0xeb, 0xf6, 0xe1, 0x22, 0x15, 0xb8, 0xe8, 0x19, 0xdd, 0x32,
  0x0c, 0x54, 0x03, 0xf8, 0xea, 0x09, 0x42, 0x19, 0x22, 0x28, 0x06, 0xf7, 0xcf, 0x23, 0x02, 0x0c,
  0xf5, 0xfb, 0xec, 0xfb, 0x14, 0x29, 0x0a, 0x24, 0xe9, 0xf8, 0xf8, 0x11, 0x2e, 0xec, 0xe5, 0xda,
  0x08, 0x00, 0x29, 0x47, 0x00, 0x0c, 0x05, 0xfa, 0xb4, 0xfe, 0x0c, 0xf3, 0x0f, 0xf6, 0xd8, 0xc4,
  0x3b, 0xf6, 0x00, 0x32, 0x05, 0xfb, 0x1e, 0x23, 0xf6, 0xec, 0x17, 0xc9, 0xf1, 0xfd, 0xe7, 0xfd,
  0x19, 0xfd, 0x19, 0x1a, 0x4a, 0xd6, 0x16, 0x13, 0xfe, 0xfc, 0x23, 0x04, 0xc2, 0xeb, 0xdf, 0x06,
  0x16, 0xf2, 0xf7, 0x1d, 0x3e, 0x2f, 0xd0, 0x2b, 0xe2, 0x01, 0xe2, 0xf5, 0x1a, 0x34, 0xe0, 0xd6,
  0x0e, 0x01, 0x0c, 0x54, 0xff, 0xe2, 0xea, 0x1a, 0x0c, 0xea, 0x1c, 0xe0, 0x01, 0xca, 0x04, 0x29,
  0xfe, 0xbc, 0x23, 0x02, 0xf5, 0x14, 0x13, 0xb8, 0xf9, 0xe9, 0x00, 0xec, 0x26, 0x29, 0xf2, 0xce,
  0xd1, 0xf3, 0x43, 0xe6, 0xea, 0x08, 0xc8, 0x12, 0x1c, 0xd8, 0xfa, 0x24, 0xff, 0xf5, 0xeb, 0xf9,
  0x1f, 0xe1, 0x2a, 0xde, 0x07, 0xf9, 0x2c, 0xc7, 0xe8, 0x2e, 0x3b, 0xf4, 0x19, 0xe7, 0xf9, 0x0c,
  0xe6, 0x09, 0x06, 0xed, 0xf1, 0xf4, 0x10, 0xf9, 0x2a, 0xd7, 0x0f, 0x08, 0xef, 0xbd, 0xf2, 0x2b,
  0xee, 0xe5, 0x2d, 0xe6, 0xd4, 0x2f, 0x13, 0xce, 0x04, 0x17, 0x14, 0xd9, 0x01, 0xfe, 0xe9, 0xe9,
  0xd3, 0xf7, 0x10, 0xbb, 0xed, 0xee, 0xcf, 0xdd, 0xcd, 0xdd, 0xea, 0xef, 0x37, 0xf5, 0xd9, 0x26,
  0xe9, 0xf4, 0xe5, 0xc8, 0xd6, 0x07, 0x0a, 0xf8, 0xf6, 0xea, 0x27, 0xf3, 0x04, 0x20, 0x1d, 0xdb,
  0xf1, 0xe6, 0x3a, 0xc9, 0xd4, 0xb2, 0xcb, 0xe6, 0xd5, 0x19, 0x13, 0x14, 0xd9, 0xdb, 0x04, 0x1c,
  0xff, 0xce, 0x0f, 0xc1, 0xe2, 0xd9, 0xfa, 0xd0, 0x1b, 0x29, 0xf7, 0xf3, 0x07, 0xf0, 0xfb, 0xf3,
  0xff, 0xe0, 0x4f, 0x8d, 0xb4, 0xe2, 0xd1, 0xf1, 0x1a, 0xff, 0x18, 0x02, 0xc7, 0xc8, 0x0f, 0x13,
  0x24, 0xf6, 0x11, 0xf5, 0x19, 0x16, 0xe7, 0x13, 0x1a, 0xf7, 0x0a, 0x46, 0xf8, 0xdb, 0x32, 0xe3,
  0xed, 0x1a, 0x3a, 0x25, 0x07, 0x1d, 0x11, 0x04, 0xd3, 0x23, 0x1a, 0x0a, 0xee, 0xe8, 0x12, 0x0f,
  0xe6, 0xf9, 0xeb, 0x11, 0xf9, 0xfa, 0x2c, 0x05, 0x1e, 0x25, 0x09, 0xc0, 0x27, 0x38, 0xe2, 0x18,
  0x32, 0x1d, 0x32, 0xe5, 0x1f, 0x10, 0x0f, 0xef, 0xee, 0xe3, 0xed, 0xd2, 0xb0, 0x06, 0xe4, 0x1e,
  0x0e, 0xed, 0x0d, 0xfd, 0x3b, 0x0f, 0x06, 0x17, 0x13, 0x00, 0xe4, 0xf6, 0x03, 0x00, 0x10, 0xe1,
  0xfa, 0x16, 0xe2, 0x3d, 0x28, 0xdb, 0x27, 0xe4, 0x0f, 0x05, 0x20, 0xf4, 0xdb, 0xe3, 0x15, 0xe9,
  0x62, 0xf5, 0xe9, 0x24, 0x35, 0x2e, 0xeb, 0x1b, 0x2c, 0x02, 0x30, 0xec, 0xde, 0x31, 0x13, 0xf5,
  0xf6, 0x07, 0x2c, 0x2f, 0xfa, 0xc6, 0x1d, 0xdd, 0x05, 0xfd, 0xef, 0x02, 0xb4, 0x01, 0x0b, 0xf9,
  0xbf, 0x08, 0xbe, 0x29, 0xdd, 0x1f, 0xec, 0xb6, 0x11, 0xea, 0xe5, 0xe5, 0x13, 0x24, 0x2f, 0x18,
  0xfd, 0x14, 0xfd, 0x0c, 0x18, 0xe1, 0xd7, 0x24, 0xf7, 0x18, 0xee, 0x2b, 0xd4, 0xe6, 0x0c, 0x26,
  0xf2, 0xdc, 0x1a, 0x05, 0x1c, 0xe5, 0x10, 0xc7, 0x31, 0x11, 0x25, 0x07, 0xe5, 0xe9, 0xf8, 0xc7,
  0xe6, 0x1e, 0xff, 0xea, 0xde, 0x10, 0x0d, 0xd5, 0xe4, 0xc1, 0x09, 0x14, 0xd6, 0x12, 0x03, 0x00,
  0xff, 0x28, 0x15, 0x15, 0xfc, 0x05, 0x1d, 0x15, 0x1b, 0xc9, 0xed, 0xd8, 0x2a, 0xd8, 0x0e, 0x02,
  0xef, 0x1f, 0x15, 0xd8, 0x02, 0x00, 0x03, 0xeb, 0xbe, 0xfb, 0x1e, 0x0a, 0xfc, 0xf0, 0xe4, 0x3e,
  0xe7, 0x1a, 0xe2, 0xde, 0xd9, 0xe2, 0x05, 0xf9, 0x21, 0xcc, 0x25, 0x04, 0x11, 0x13, 0xf1, 0x2b,
  0x0b, 0x13, 0xf8, 0xa6, 0xa6, 0xe9, 0x1a, 0xfb, 0x0c, 0xec, 0xea, 0x15, 0xef, 0x16, 0xfd, 0x04,
  0x16, 0xc9, 0xd6, 0xe2, 0xde, 0x33, 0xe9, 0xd5, 0xd5, 0xea, 0x10, 0xff, 0x0e, 0xdb, 0x29, 0x05,
  0xcc, 0xdc, 0xf0, 0xbe, 0xd5, 0x20, 0x03, 0xd4, 0x1a, 0xdf, 0x2b, 0xef, 0x1f, 0xed, 0xea, 0x0c,
  0xd7, 0xca, 0xee, 0xe4, 0x13, 0x1f, 0x0f, 0x30, 0x29, 0x29, 0xf9, 0x01, 0x14, 0x1a, 0x18, 0xed,
  0x09, 0x03, 0x23, 0xf5, 0x06, 0x49, 0x09, 0x14, 0xf9, 0xf1, 0xff, 0x20, 0xdc, 0x17, 0x09, 0xfa,
  0x53, 0x0d, 0x18, 0x33, 0xf7, 0x0d, 0xf4, 0x43, 0xf2, 0xe7, 0x03, 0x11, 0xdf, 0xdc, 0xf7, 0x0d,
  0x02, 0xcf, 0xf8, 0x66, 0xef, 0xf8, 0x20, 0xf3, 0x01, 0xca, 0xd0, 0xe7, 0xc7, 0x06, 0x2a, 0xe5,
  0x37, 0x05, 0xdd, 0x0c, 0x47, 0x2f, 0xf7, 0x24, 0xd1, 0x01, 0x02, 0xdf, 0xe8, 0x21, 0x04, 0x17,
  0xf5, 0xf2, 0xfe, 0x3d, 0x3e, 0xf4, 0xf8, 0xde, 0xfb, 0x1c, 0xc7, 0x0a, 0xf4, 0x1a, 0xf1, 0xfd,
  0x23, 0x21, 0xd4, 0xf8, 0x03, 0x24, 0xf7, 0x2b, 0xfd, 0x10, 0xcb, 0xe3, 0xc2, 0x0d, 0xc6, 0xf8,
  0xec, 0xf4, 0xd3, 0x53, 0x40, 0xf7, 0xfa, 0x20, 0xe0, 0xdb, 0xfa, 0x25, 0x1c, 0xf9, 0x36, 0xf1,
  0x16, 0x01, 0xf2, 0x3a, 0x3a, 0x3a, 0xe5, 0xf6, 0xf8, 0x26, 0xd5, 0xf2, 0xfd, 0xdc, 0xed, 0x23,
  0x17, 0x3c, 0x03, 0x28, 0x06, 0xe4, 0x44, 0xf4, 0x14, 0xdf, 0xe0, 0x01, 0xfc, 0x15, 0x1c, 0xf2,
  0xb4, 0x15, 0xf8, 0x19, 0xf7, 0xee, 0xd0, 0xf6, 0xfe, 0x08, 0xed, 0xe3, 0x05, 0x0c, 0xd9, 0x31,
  0x31, 0xd7, 0x09, 0x04, 0x00, 0x30, 0x05, 0xe0, 0xfb, 0x19, 0xe5, 0xfd, 0xce, 0x10, 0x2c, 0xf9,
  0x04, 0xf8, 0x22, 0x19, 0x22, 0xf7, 0xca, 0x5e, 0x0d, 0x11, 0xf2, 0xec, 0xeb, 0xee, 0xd8, 0xed,
  0x0d, 0x20, 0xeb, 0x14, 0xe8, 0xe1, 0x15, 0x23, 0x33, 0xe8, 0xf4, 0xe7, 0x0c, 0x00, 0x05, 0xce,
  0x26, 0x23, 0xd6, 0xeb, 0xdc, 0x11, 0xfc, 0x11, 0x04, 0x20, 0xf8, 0x14, 0xde, 0x1b, 0x28, 0x32,
  0x06, 0x29, 0xcb, 0xf2, 0x03, 0x43, 0x2a, 0xe0, 0xc3, 0xf8, 0xce, 0x12, 0xfd, 0x1f, 0x15, 0xe7,
  0xb5, 0x01, 0xea, 0xcf, 0xdf, 0xdb, 0xe9, 0xf8, 0xff, 0x17, 0xe5, 0xc7, 0xea, 0x30, 0xca, 0x10,
  0x04, 0x39, 0x00, 0xfa, 0xbd, 0x1c, 0x02, 0x0d, 0xf9, 0x10, 0x0a, 0x16, 0x31, 0x17, 0x0c, 0x09,
  0x20, 0x00, 0xcc, 0xc9, 0x16, 0xfc, 0xe9, 0x08, 0x2b, 0xe5, 0x0a, 0xf9, 0x0d, 0xff, 0x22, 0xf1,
  0x3b, 0x4e, 0xc6, 0x08, 0x04, 0x0c, 0x1f, 0xf6, 0x17, 0xc3, 0xd6, 0xd4, 0x1e, 0x05, 0x49, 0xcd,
  0xda, 0x14, 0xd5, 0xf2, 0xf6, 0xe4, 0xf8, 0xc9, 0xe4, 0xda, 0xfb, 0x01, 0xf8, 0xf6, 0xd5, 0xfd,
  0x26, 0x07, 0x05, 0xd8, 0x1e, 0xc6, 0xec, 0xeb, 0xd3, 0xf0, 0xd9, 0x02, 0x26, 0x30, 0x09, 0xd4,
  0xe2, 0x44, 0xfa, 0xe1, 0x20, 0xdd, 0xe3, 0x08, 0x1b, 0x04, 0xcf, 0xee, 0x36, 0xff, 0x25, 0x1c,
  0x17, 0x18, 0xc9, 0xff, 0x20, 0x26, 0x32, 0xf3, 0x1e, 0x09, 0x1f, 0xef, 0x0d, 0x49, 0x06, 0xdd,
  0xaf, 0x14, 0xf1, 0xe4, 0x09, 0x9e, 0xec, 0xee, 0x02, 0xd5, 0xd0, 0x22, 0xe6, 0x2a, 0xf0, 0xde,
  0x3e, 0x3d, 0xc6, 0xda, 0xdb, 0xe2, 0x24, 0xe5, 0xef, 0x0b, 0x1a, 0xfa, 0xda, 0x26, 0xd0, 0xeb,
  0x1a, 0xe1, 0x0c, 0x17, 0x30, 0xd1, 0xe3, 0x16, 0x0d, 0x0b, 0x10, 0xef, 0xea, 0xfc, 0xe3, 0xe9,
  0x2c, 0xd3, 0x20, 0x4a, 0x30, 0x03, 0xf9, 0x26, 0x00, 0x0b, 0x27, 0x0b, 0xf9, 0x08, 0x14, 0xf7,
  0x27, 0xef, 0xce, 0xf8, 0x3d, 0x4f, 0xf2, 0x36, 0x14, 0xea, 0xda, 0xfc, 0xfa, 0x00, 0xb3, 0x1e,
  0x15, 0xf4, 0x11, 0x58, 0xf8, 0xcc, 0x22, 0x02, 0x08, 0xd9, 0x04, 0xf0, 0xd4, 0xec, 0xc0, 0x00,
  0x0d, 0xf5, 0xe8, 0x20, 0x1b, 0x25, 0x18, 0x27, 0xe6, 0xec, 0x2a, 0xdc, 0x14, 0xdd, 0x03, 0xe4,
  0xfc, 0xdd, 0xef, 0x45, 0x2d, 0xda, 0x04, 0x2a, 0x3a, 0x01, 0xeb, 0xf2, 0xf7, 0x2b, 0xef, 0x10,
  0x19, 0x30, 0x07, 0x1d, 0x07, 0xfc, 0x16, 0x1f, 0xdf, 0xe3, 0xe5, 0xd0, 0xf1, 0xf9, 0x06, 0x4a,
  0x16, 0x04, 0xc7, 0x0f, 0x20, 0x13, 0x29, 0x07, 0xce, 0x10, 0xc8, 0xeb, 0xbc, 0x1d, 0x29, 0xfa,
  0x3e, 0x1f, 0xc6, 0x0e, 0x15, 0x12, 0xed, 0x25, 0xed, 0x16, 0xe3, 0xdc, 0x10, 0xe9, 0xcc, 0xfb,
  0x27, 0xd5, 0xc6, 0x1f, 0x2b, 0xde, 0x2e, 0x19, 0xdc, 0x0e, 0x14, 0x14, 0xf7, 0x04, 0x11, 0xe2,
  0x26, 0x0a, 0xf7, 0x2c, 0x13, 0x1e, 0x0f, 0x05, 0xc7, 0xef, 0xec, 0xf0, 0xd3, 0x0a, 0xfa, 0x2f,
  0x10, 0x1b, 0xd9, 0x45, 0x17, 0xc7, 0xe8, 0x1b, 0x1c, 0xd3, 0xff, 0xff, 0x20, 0xd3, 0xff, 0xff,
  0x24, 0xd3, 0xff, 0xff, 0x28, 0xd3, 0xff, 0xff, 0x2c, 0xd3, 0xff, 0xff, 0x30, 0xd3, 0xff, 0xff,
  0x34, 0xd3, 0xff, 0xff, 0x38, 0xd3, 0xff, 0xff, 0x7a, 0xf9, 0xff, 0xff, 0x04, 0x00, 0x00, 0x00,
  0x80, 0x00, 0x00, 0x00, 0xc3, 0xff, 0xff, 0xff, 0x36, 0xff, 0xff, 0xff, 0x73, 0xfd, 0xff, 0xff,
  0xea, 0xf9, 0xff, 0xff, 0x26, 0x08, 0x00, 0x00, 0x7f, 0xfd, 0xff, 0xff, 0xb3, 0xfa, 0xff, 0xff,
  0x00, 0x00, 0x00, 0x00, 0x88, 0x00, 0x00, 0x00, 0xe1, 0xfd, 0xff, 0xff, 0x24, 0x0c, 0x00, 0x00,
  0x48, 0xf8, 0xff, 0xff, 0xb2, 0xea, 0xff, 0xff, 0x70, 0x13, 0x00, 0x00, 0x48, 0xf7, 0xff, 0xff,
  0xdb, 0x04, 0x00, 0x00, 0x04, 0xf4, 0xff, 0xff, 0x1e, 0x0a, 0x00, 0x00, 0x00, 0x00, 0x00, 0x00,
  0xcc, 0x06, 0x00, 0x00, 0xee, 0x02, 0x00, 0x00, 0xd2, 0x00, 0x00, 0x00, 0xbb, 0xf7, 0xff, 0xff,
  0x21, 0xfb, 0xff, 0xff, 0xe6, 0xfb, 0xff, 0xff, 0xfc, 0xf1, 0xff, 0xff, 0x00, 0x00, 0x00, 0x00,
  0x33, 0x03, 0x00, 0x00, 0xb4, 0x08, 0x00, 0x00, 0x7d, 0x04, 0x00, 0x00, 0x3c, 0xfc, 0xff, 0xff,
  0x16, 0x03, 0x00, 0x00, 0x06, 0xfa, 0xff, 0xff, 0x04, 0x00, 0x00, 0x00, 0x00, 0x03, 0x00, 0x00,
  0x10, 0x2b, 0xff, 0x1a, 0x27, 0x15, 0xf1, 0x05, 0xf4, 0x06, 0x05, 0x01, 0xde, 0x0b, 0x22, 0xf0,
  0xfc, 0xf9, 0x13, 0x0a, 0x20, 0x07, 0xdf, 0x09, 0xff, 0x1d, 0xfc, 0x25, 0x21, 0xe3, 0xf6, 0xed,
  0xe0, 0xe5, 0x03, 0x1d, 0xf4, 0xe4, 0xf5, 0xe8, 0x0b, 0x1b, 0x05, 0x18, 0xe0, 0xfe, 0xeb, 0x15,
  0xff, 0x03, 0xf7, 0xe7, 0x14, 0xec, 0x02, 0xf7, 0xf7, 0x08, 0xf5, 0xf1, 0xe5, 0xfd, 0xeb, 0xf1,
  0xde, 0x10, 0xf1, 0x1a, 0xeb, 0xf5, 0xf9, 0x0f, 0xed, 0x02, 0x13, 0x08, 0x03, 0xeb, 0xe8, 0xee,
  0xec, 0xeb, 0xea, 0x08, 0x01, 0xfa, 0xfc, 0x0f, 0x03, 0x01, 0xf1, 0x09, 0x00, 0xe8, 0xf8, 0xf2,
  0x01, 0x0e, 0x0b, 0x28, 0x04, 0xf3, 0x11, 0x0d, 0x1b, 0x21, 0x01, 0x25, 0x0b, 0x02, 0x2d, 0xe9,
  0x04, 0x36, 0xe8, 0x32, 0x16, 0x15, 0x09, 0xe9, 0xfa, 0xf9, 0x0b, 0xe0, 0xea, 0x02, 0x1d, 0x10,
  0xf7, 0xeb, 0xfd, 0x03, 0xe2, 0x18, 0x0b, 0xe2, 0x05, 0xe8, 0xfe, 0xe9, 0x0c, 0xea, 0xec, 0xee,
  0x09, 0xf4, 0xe8, 0xdb, 0xff, 0x18, 0xfa, 0xec, 0xfb, 0xe0, 0x07, 0xea, 0xe1, 0xe2, 0x0a, 0xfb,
  0x18, 0x0e, 0xdf, 0xdc, 0xe6, 0x08, 0x0f, 0xfa, 0xfe, 0xe5, 0xe3, 0x00, 0x05, 0xee, 0xe3, 0x19,
  0x0c, 0xfa, 0xfd, 0xfd, 0xf9, 0x0a, 0x0e, 0xea, 0x00, 0xf3, 0x09, 0xf5, 0xe6, 0x09, 0xfc, 0xe5,
  0xfb, 0x0a, 0x07, 0xa3, 0x00, 0xf1, 0x01, 0x02, 0xf9, 0x15, 0xeb, 0xae, 0x00, 0x09, 0xfd, 0xf1,
  0xe8, 0x17, 0xf3, 0x80, 0xff, 0x11, 0x02, 0x01, 0x1a, 0xe9, 0x0f, 0xe5, 0xe3, 0xfd, 0xea, 0xfd,
  0xe2, 0x0a, 0xf3, 0xef, 0x0a, 0xe7, 0xfe, 0xf7, 0xfe, 0xfe, 0x00, 0x13, 0xeb, 0xe4, 0xf0, 0x07,
  0xf0, 0x1c, 0xf0, 0x11, 0x06, 0x28, 0x10, 0x1b, 0xf5, 0xfd, 0x02, 0x28, 0x08, 0x19, 0x28, 0x0c,
  0xf3, 0xe8, 0xce, 0x1f, 0x14, 0x08, 0xde, 0xe2, 0xef, 0x14, 0x0a, 0xb7, 0xfd, 0xec, 0xf1, 0x0f,
  0xf6, 0x10, 0xdb, 0xda, 0xfc, 0xff, 0xfd, 0xf9, 0xe6, 0x07, 0xe2, 0xcb, 0xfe, 0x0d, 0xf1, 0x04,
  0xf5, 0x08, 0xf0, 0xef, 0xff, 0xee, 0xf9, 0x0b, 0x05, 0x1b, 0xe5, 0xb6, 0x00, 0xff, 0x00, 0xe8,
  0x08, 0x13, 0xfa, 0xb1, 0xfe, 0x0d, 0x04, 0xe1, 0x0a, 0xe3, 0x09, 0xfe, 0x03, 0x07, 0x19, 0x0c,
  0xf0, 0xf5, 0x12, 0x04, 0xdb, 0xf9, 0xf8, 0x0a, 0x08, 0x13, 0x22, 0x06, 0x2d, 0xf5, 0xfd, 0xf6,
  0x08, 0x01, 0xfc, 0xf6, 0xfe, 0x10, 0x01, 0x03, 0xe5, 0xdb, 0xe7, 0xf5, 0x14, 0x15, 0xf3, 0xe7,
  0xe7, 0x0e, 0x1f, 0x00, 0xe2, 0x20, 0xe9, 0x0b, 0xf5, 0x06, 0x16, 0xa1, 0x00, 0xeb, 0x04, 0x09,
  0xee, 0x13, 0x07, 0x93, 0x00, 0x01, 0x02, 0x08, 0xf3, 0x06, 0xf8, 0xa8, 0x05, 0xf1, 0x03, 0x01,
  0xf0, 0x23, 0xf6, 0x04, 0x09, 0x25, 0xf5, 0x14, 0xfc, 0x26, 0xf9, 0xfb, 0xfa, 0x1d, 0xf1, 0xf2,
  0x24, 0x0b, 0xdf, 0x1f, 0x04, 0x24, 0x13, 0xf5, 0x1a, 0x1f, 0xe5, 0xfa, 0xf0, 0x19, 0xda, 0x05,
  0xf2, 0x0d, 0x16, 0x24, 0xff, 0xfb, 0x44, 0x14, 0x0b, 0x03, 0x08, 0x08, 0x05, 0x02, 0xef, 0xf4,
  0xf5, 0xff, 0xfe, 0xf6, 0xe2, 0x1b, 0x00, 0xff, 0x15, 0xeb, 0xfe, 0xe5, 0x1b, 0xf2, 0xe2, 0xe5,
  0xfd, 0xfb, 0x0a, 0xec, 0x0c, 0xf4, 0x07, 0xf1, 0x24, 0x03, 0xe0, 0x02, 0x0c, 0xf2, 0xf9, 0x08,
  0xf2, 0x27, 0xf9, 0x31, 0xee, 0xed, 0x0d, 0xe3, 0x1c, 0x28, 0x15, 0x15, 0x0a, 0xe1, 0x1c, 0x0d,
  0xe9, 0x02, 0xd0, 0x1e, 0x0b, 0x04, 0x1a, 0xe3, 0x18, 0x26, 0x09, 0x0d, 0x0a, 0x0e, 0xf1, 0x08,
  0x0f, 0x1e, 0xe0, 0x17, 0xfe, 0xe6, 0xfb, 0xe7, 0xf3, 0x0d, 0xe6, 0xed, 0x04, 0xe8, 0xed, 0xee,
  0x18, 0x20, 0x0b, 0xed, 0xf6, 0x07, 0x09, 0xeb, 0x2f, 0x1d, 0xee, 0xfb, 0xf6, 0x00, 0xf4, 0x16,
  0x1c, 0x23, 0x0e, 0x04, 0x15, 0xf6, 0x0c, 0x10, 0x05, 0x14, 0xdd, 0x28, 0xf7, 0xfc, 0x0a, 0xfb,
  0x11, 0x0e, 0xfd, 0x1a, 0x22, 0xf9, 0x13, 0x06, 0xee, 0xf3, 0xf4, 0x01, 0xec, 0xf9, 0x04, 0xf0,
  0xf3, 0xe2, 0x0b, 0x0d, 0xe4, 0xfa, 0xf8, 0x18, 0xf1, 0xfd, 0xe3, 0x0c, 0xe6, 0x06, 0xe3, 0xf9,
  0xf3, 0x20, 0xe8, 0xf0, 0x0d, 0xe3, 0xf0, 0x08, 0x0c, 0x18, 0xe7, 0xe2, 0x07, 0xd6, 0x18, 0xe4,
  0xe7, 0x11, 0xf4, 0xe0, 0xfe, 0x01, 0xe4, 0x13, 0x1a, 0xf3, 0x05, 0x1e, 0xf6, 0x09, 0xf1, 0xe6,
  0xf4, 0x2f, 0xe1, 0x2e, 0xf6, 0x06, 0x00, 0x11, 0x05, 0x29, 0xd1, 0x14, 0x0b, 0xe5, 0x02, 0xf7,
  0xf9, 0xe3, 0x0d, 0xf3, 0xe4, 0xec, 0x14, 0xfa, 0xf8, 0xf8, 0xe9, 0xeb, 0xe2, 0xe4, 0xf2, 0xe4,
  0xf7, 0xe3, 0xfd, 0x11, 0xea, 0x11, 0xe5, 0xf3, 0x05, 0x10, 0xf6, 0xa9, 0x01, 0x02, 0xff, 0xec,
  0xe9, 0x13, 0xf6, 0x95, 0xfe, 0xef, 0x01, 0x0e, 0xef, 0x15, 0xf8, 0x86, 0x01, 0x03, 0x00, 0xff,
  0x00, 0xfc, 0x0a, 0xa9, 0x0c, 0x0e, 0x03, 0x01, 0xef, 0x0f, 0xfd, 0x86, 0xfb, 0x0e, 0x08, 0xf2,
  0x05, 0x0c, 0xf5, 0xa7, 0x0d, 0xe3, 0x02, 0xf4, 0x0f, 0x26, 0x13, 0x22, 0xfb, 0xe6, 0x08, 0xfe,
  0x26, 0x1a, 0xdf, 0x2c, 0x0a, 0x08, 0xf1, 0xe9, 0xfe, 0x04, 0xdc, 0x1c, 0x01, 0xe2, 0x01, 0x0a,
  0xe7, 0xe2, 0xf2, 0x08, 0x19, 0x0d, 0xe2, 0xf7, 0x04, 0x09, 0x0b, 0xf9, 0xed, 0xee, 0x12, 0xf8,
  0xf2, 0x04, 0xf0, 0x0b, 0xf6, 0xef, 0xe8, 0xed, 0xfe, 0xe8, 0xf0, 0x18, 0xf0, 0x0d, 0x08, 0x1a,
  0xfe, 0x09, 0x26, 0x06, 0xf5, 0x03, 0xff, 0x12, 0x05, 0xe4, 0x1d, 0xfb, 0x06, 0x06, 0xfe, 0x1e,
  0xd4, 0xd6, 0xff, 0xff, 0xd8, 0xd6, 0xff, 0xff, 0x1a, 0xfd, 0xff, 0xff, 0x04, 0x00, 0x00, 0x00,
  0x20, 0x00, 0x00, 0x00, 0xb3, 0xb0, 0x56, 0x30, 0xb5, 0x5a, 0x4f, 0x5f, 0x4e, 0x5e, 0xa6, 0x7e,
  0x7f, 0x9d, 0x4f, 0x57, 0x96, 0xb2, 0x5f, 0xa9, 0xa4, 0x9d, 0xa7, 0x57, 0xc4, 0xbf, 0x5f, 0x66,
  0x1e, 0xc6, 0x5b, 0x95, 0x46, 0xfd, 0xff, 0xff, 0x04, 0x00, 0x00, 0x00, 0x20, 0x00, 0x00, 0x00,
  0x1f, 0x72, 0x7f, 0x7c, 0x80, 0x7a, 0x7a, 0x7c, 0x69, 0x7b, 0x4b, 0x7d, 0x7c, 0x5e, 0x7c, 0x6a,
  0x48, 0x02, 0x7c, 0xfb, 0x4a, 0x51, 0xf5, 0x7b, 0x5e, 0x3b, 0x7d, 0x5f, 0x62, 0xe6, 0x7b, 0x6d,
  0x72, 0xfd, 0xff, 0xff, 0x04, 0x00, 0x00, 0x00, 0x80, 0x00, 0x00, 0x00, 0x37, 0x02, 0x00, 0x00,
  0xe3, 0xfc, 0xff, 0xff, 0xb2, 0x01, 0x00, 0x00, 0xed, 0x02, 0x00, 0x00, 0x88, 0x02, 0x00, 0x00,
  0xd5, 0xfc, 0xff, 0xff, 0xfd, 0xfa, 0xff, 0xff, 0xf8, 0x00, 0x00, 0x00, 0x44, 0xfd, 0xff, 0xff,
  0x2e, 0xfc, 0xff, 0xff, 0x01, 0xfc, 0xff, 0xff, 0xc9, 0x02, 0x00, 0x00, 0x19, 0x03, 0x00, 0x00,
  0x64, 0xfa, 0xff, 0xff, 0xec, 0xfe, 0xff, 0xff, 0x1a, 0x03, 0x00, 0x00, 0x9d, 0xf9, 0xff, 0xff,
  0x26, 0x01, 0x00, 0x00, 0xaa, 0x05, 0x00, 0x00, 0x21, 0xfd, 0xff, 0xff, 0x8d, 0xfe, 0xff, 0xff,
  0x30, 0x04, 0x00, 0x00, 0x32, 0x04, 0x00, 0x00, 0x31, 0x01, 0x00, 0x00, 0xd9, 0xfe, 0xff, 0xff,
  0x03, 0x02, 0x00, 0x00, 0xbd, 0xfb, 0xff, 0xff, 0x97, 0xfd, 0xff, 0xff, 0x7a, 0xfc, 0xff, 0xff,
  0x13, 0xfb, 0xff, 0xff, 0x74, 0xff, 0xff, 0xff, 0x88, 0xfc, 0xff, 0xff, 0xfe, 0xfd, 0xff, 0xff,
  0x04, 0x00, 0x00, 0x00, 0x20, 0x00, 0x00, 0x00, 0x9e, 0xe8, 0xbe, 0x90, 0xab, 0x0c, 0x1b, 0xa8,
  0x49, 0x29, 0xe6, 0xb3, 0xa5, 0xd2, 0x0e, 0xa3, 0xe3, 0xb3, 0x9e, 0x75, 0xe6, 0x9e, 0xcc, 0xbb,
  0x4c, 0xc3, 0x26, 0xe1, 0xcf, 0xe6, 0x01, 0x7f, 0x2a, 0xfe, 0xff, 0xff, 0x04, 0x00, 0x00, 0x00,
  0x20, 0x00, 0x00, 0x00, 0xe3, 0x58, 0xd9, 0xba, 0xcb, 0xd6, 0xcb, 0x11, 0x36, 0x0d, 0x38, 0x08,
  0xea, 0xc6, 0xa7, 0xa7, 0xcb, 0xdd, 0xe8, 0x30, 0x9a, 0xc2, 0xdd, 0x80, 0x5a, 0xe0, 0xdf, 0xd6,
  0xbf, 0xe3, 0xc1, 0x2d, 0x56, 0xfe, 0xff, 0xff, 0x04, 0x00, 0x00, 0x00, 0x40, 0x00, 0x00, 0x00,
  0x3c, 0x01, 0x00, 0x00, 0x6f, 0x01, 0x00, 0x00, 0x3b, 0x01, 0x00, 0x00, 0x1b, 0xfc, 0xff, 0xff,
  0x0c, 0x01, 0x00, 0x00, 0x7b, 0xfd, 0xff, 0xff, 0xa5, 0xfe, 0xff, 0xff, 0x1d, 0xfe, 0xff, 0xff,
  0x7b, 0xfd, 0xff, 0xff, 0xee, 0x00, 0x00, 0x00, 0x06, 0x02, 0x00, 0x00, 0x91, 0xfe, 0xff, 0xff,
  0x41, 0x01, 0x00, 0x00, 0xae, 0xff, 0xff, 0xff, 0x37, 0x00, 0x00, 0x00, 0x8c, 0x00, 0x00, 0x00,
  0xa2, 0xfe, 0xff, 0xff, 0x04, 0x00, 0x00, 0x00, 0x80, 0x00, 0x00, 0x00, 0x4c, 0xca, 0x41, 0xc0,
  0xf2, 0x46, 0x81, 0x2e, 0x15, 0xfa, 0x71, 0x2b, 0x35, 0xb5, 0xad, 0xce, 0x81, 0x51, 0xb5, 0xd5,
  0xb7, 0x5e, 0x57, 0x99, 0x30, 0x6a, 0xcc, 0xbe, 0xee, 0x55, 0x2a, 0x02, 0x12, 0xa1, 0x6d, 0x05,
  0x2b, 0xc2, 0xce, 0x7f, 0xe8, 0xdd, 0x0f, 0x1f, 0x52, 0x17, 0x08, 0xa2, 0xd8, 0x50, 0x81, 0x30,
  0xad, 0x21, 0x45, 0xdb, 0xcb, 0x63, 0xc8, 0xce, 0x32, 0xff, 0x50, 0xe3, 0x07, 0x16, 0x0a, 0x0a,
  0x05, 0x0b, 0x97, 0x4e, 0x62, 0xb3, 0x5d, 0x13, 0x7f, 0x0b, 0x83, 0x1b, 0x17, 0xbd, 0x7f, 0xea,
  0x6b, 0x05, 0x0c, 0x57, 0x16, 0x9d, 0x1b, 0xef, 0xef, 0x91, 0x12, 0xd2, 0x25, 0xe0, 0x7f, 0x01,
  0x6b, 0x59, 0xae, 0x03, 0xd2, 0xc5, 0x54, 0x2a, 0x21, 0xc9, 0xa9, 0x9d, 0xac, 0x44, 0x81, 0xee,
  0xbe, 0x28, 0x5c, 0xe5, 0xe6, 0x21, 0x9f, 0x2d, 0xd7, 0x15, 0x4f, 0x7d, 0x2e, 0xff, 0xff, 0xff,
  0x04, 0x00, 0x00, 0x00, 0x20, 0x00, 0x00, 0x00, 0xb3, 0x01, 0x00, 0x00, 0xd8, 0xfe, 0xff, 0xff,
  0xa2, 0xfe, 0xff, 0xff, 0x51, 0x00, 0x00, 0x00, 0x19, 0x01, 0x00, 0x00, 0xd1, 0xfe, 0xff, 0xff,
  0x43, 0x00, 0x00, 0x00, 0x3e, 0x02, 0x00, 0x00, 0x5a, 0xff, 0xff, 0xff, 0x04, 0x00, 0x00, 0x00,
  0x08, 0x00, 0x00, 0x00, 0x7f, 0xad, 0x71, 0xac, 0x66, 0x77, 0x6e, 0x9c, 0x6e, 0xff, 0xff, 0xff,
  0x04, 0x00, 0x00, 0x00, 0x04, 0x00, 0x00, 0x00, 0x62, 0xf4, 0xff, 0xff, 0x7e, 0xff, 0xff, 0xff,
  0x04, 0x00, 0x00, 0x00, 0x04, 0x00, 0x00, 0x00, 0x01, 0x00, 0x00, 0x00, 0x8e, 0xff, 0xff, 0xff,
  0x04, 0x00, 0x00, 0x00, 0x0c, 0x00, 0x00, 0x00, 0xff, 0xff, 0xff, 0xff, 0x05, 0x00, 0x00, 0x00,
  0x10, 0x00, 0x00, 0x00, 0xa6, 0xff, 0xff, 0xff, 0x04, 0x00, 0x00, 0x00, 0x0c, 0x00, 0x00, 0x00,
  0xff, 0xff, 0xff, 0xff, 0x05, 0x00, 0x00, 0x00, 0x20, 0x00, 0x00, 0x00, 0xbe, 0xff, 0xff, 0xff,
  0x04, 0x00, 0x00, 0x00, 0x0c, 0x00, 0x00, 0x00, 0xff, 0xff, 0xff, 0xff, 0x0a, 0x00, 0x00, 0x00,
  0x20, 0x00, 0x00, 0x00, 0xd6, 0xff, 0xff, 0xff, 0x04, 0x00, 0x00, 0x00, 0x04, 0x00, 0x00, 0x00,
  0x02, 0x00, 0x00, 0x00, 0xe6, 0xff, 0xff, 0xff, 0x04, 0x00, 0x00, 0x00, 0x0c, 0x00, 0x00, 0x00,
  0xff, 0xff, 0xff, 0xff, 0x14, 0x00, 0x00, 0x00, 0x20, 0x00, 0x00, 0x00, 0x00, 0x00, 0x06, 0x00,
  0x08, 0x00, 0x04, 0x00, 0x06, 0x00, 0x00, 0x00, 0x04, 0x00, 0x00, 0x00, 0x04, 0x00, 0x00, 0x00,
  0xfd, 0xff, 0xff, 0xff, 0xd8, 0xd9, 0xff, 0xff, 0xdc, 0xd9, 0xff, 0xff, 0x0f, 0x00, 0x00, 0x00,
  0x4d, 0x4c, 0x49, 0x52, 0x20, 0x43, 0x6f, 0x6e, 0x76, 0x65, 0x72, 0x74, 0x65, 0x64, 0x2e, 0x00,
  0x01, 0x00, 0x00, 0x00, 0x14, 0x00, 0x00, 0x00, 0x00, 0x00, 0x0e, 0x00, 0x18, 0x00, 0x14, 0x00,
  0x10, 0x00, 0x0c, 0x00, 0x08, 0x00, 0x04, 0x00, 0x0e, 0x00, 0x00, 0x00, 0x14, 0x00, 0x00, 0x00,
  0x1c, 0x00, 0x00, 0x00, 0x78, 0x05, 0x00, 0x00, 0x7c, 0x05, 0x00, 0x00, 0x80, 0x05, 0x00, 0x00,
  0x04, 0x00, 0x00, 0x00, 0x6d, 0x61, 0x69, 0x6e, 0x00, 0x00, 0x00, 0x00, 0x19, 0x00, 0x00, 0x00,
  0x40, 0x05, 0x00, 0x00, 0x00, 0x05, 0x00, 0x00, 0xa0, 0x04, 0x00, 0x00, 0x78, 0x04, 0x00, 0x00,
  0x38, 0x04, 0x00, 0x00, 0x04, 0x04, 0x00, 0x00, 0xd0, 0x03, 0x00, 0x00, 0x7c, 0x03, 0x00, 0x00,
  0x44, 0x03, 0x00, 0x00, 0x10, 0x03, 0x00, 0x00, 0xcc, 0x02, 0x00, 0x00, 0xa4, 0x02, 0x00, 0x00,
  0x70, 0x02, 0x00, 0x00, 0x3c, 0x02, 0x00, 0x00, 0x08, 0x02, 0x00, 0x00, 0xc4, 0x01, 0x00, 0x00,
  0x9c, 0x01, 0x00, 0x00, 0x68, 0x01, 0x00, 0x00, 0x24, 0x01, 0x00, 0x00, 0xfc, 0x00, 0x00, 0x00,
  0xc8, 0x00, 0x00, 0x00, 0x84, 0x00, 0x00, 0x00, 0x4c, 0x00, 0x00, 0x00, 0x28, 0x00, 0x00, 0x00,
  0x04, 0x00, 0x00, 0x00, 0xea, 0xfb, 0xff, 0xff, 0x0c, 0x00, 0x00, 0x00, 0x10, 0x00, 0x00, 0x00,
  0x0a, 0x00, 0x00, 0x00, 0x01, 0x00, 0x00, 0x00, 0x2e, 0x00, 0x00, 0x00, 0x01, 0x00, 0x00, 0x00,
  0x2d, 0x00, 0x00, 0x00, 0x0a, 0xfc, 0xff, 0xff, 0x0c, 0x00, 0x00, 0x00, 0x10, 0x00, 0x00, 0x00,
  0x09, 0x00, 0x00, 0x00, 0x01, 0x00, 0x00, 0x00, 0x2d, 0x00, 0x00, 0x00, 0x01, 0x00, 0x00, 0x00,
  0x2c, 0x00, 0x00, 0x00, 0xae, 0xfb, 0xff, 0xff, 0x14, 0x00, 0x00, 0x00, 0x00, 0x00, 0x00, 0x08,
  0x10, 0x00, 0x00, 0x00, 0x14, 0x00, 0x00, 0x00, 0x08, 0x00, 0x00, 0x00, 0xf0, 0xda, 0xff, 0xff,
  0x01, 0x00, 0x00, 0x00, 0x2c, 0x00, 0x00, 0x00, 0x03, 0x00, 0x00, 0x00, 0x2b, 0x00, 0x00, 0x00,
  0x09, 0x00, 0x00, 0x00, 0x08, 0x00, 0x00, 0x00, 0x4e, 0xfd, 0xff, 0xff, 0x1c, 0x00, 0x00, 0x00,
  0x00, 0x00, 0x00, 0x08, 0x1c, 0x00, 0x00, 0x00, 0x20, 0x00, 0x00, 0x00, 0x08, 0x00, 0x00, 0x00,
  0x00, 0x00, 0x06, 0x00, 0x08, 0x00, 0x07, 0x00, 0x06, 0x00, 0x00, 0x00, 0x00, 0x00, 0x00, 0x01,
  0x01, 0x00, 0x00, 0x00, 0x2b, 0x00, 0x00, 0x00, 0x03, 0x00, 0x00, 0x00, 0x2a, 0x00, 0x00, 0x00,
  0x0b, 0x00, 0x00, 0x00, 0x0a, 0x00, 0x00, 0x00, 0x22, 0xfc, 0xff, 0xff, 0x14, 0x00, 0x00, 0x00,
  0x00, 0x00, 0x00, 0x1b, 0x10, 0x00, 0x00, 0x00, 0x14, 0x00, 0x00, 0x00, 0x07, 0x00, 0x00, 0x00,
  0x64, 0xdb, 0xff, 0xff, 0x01, 0x00, 0x00, 0x00, 0x2a, 0x00, 0x00, 0x00, 0x02, 0x00, 0x00, 0x00,
  0x29, 0x00, 0x00, 0x00, 0x07, 0x00, 0x00, 0x00, 0xce, 0xfc, 0xff, 0xff, 0x0c, 0x00, 0x00, 0x00,
  0x10, 0x00, 0x00, 0x00, 0x03, 0x00, 0x00, 0x00, 0x01, 0x00, 0x00, 0x00, 0x29, 0x00, 0x00, 0x00,
  0x02, 0x00, 0x00, 0x00, 0x28, 0x00, 0x00, 0x00, 0x06, 0x00, 0x00, 0x00, 0x76, 0xfc, 0xff, 0xff,
  0x14, 0x00, 0x00, 0x00, 0x00, 0x00, 0x00, 0x01, 0x1c, 0x00, 0x00, 0x00, 0x20, 0x00, 0x00, 0x00,
  0x02, 0x00, 0x00, 0x00, 0xc4, 0xfc, 0xff, 0xff, 0x00, 0x00, 0x00, 0x01, 0x01, 0x00, 0x00, 0x00,
  0x01, 0x00, 0x00, 0x00, 0x01, 0x00, 0x00, 0x00, 0x28, 0x00, 0x00, 0x00, 0x03, 0x00, 0x00, 0x00,
  0x26, 0x00, 0x00, 0x00, 0x27, 0x00, 0x00, 0x00, 0x0c, 0x00, 0x00, 0x00, 0xb6, 0xfc, 0xff, 0xff,
  0x14, 0x00, 0x00, 0x00, 0x00, 0x00, 0x00, 0x34, 0x10, 0x00, 0x00, 0x00, 0x14, 0x00, 0x00, 0x00,
  0x01, 0x00, 0x00, 0x00, 0xf8, 0xdb, 0xff, 0xff, 0x01, 0x00, 0x00, 0x00, 0x26, 0x00, 0x00, 0x00,
  0x02, 0x00, 0x00, 0x00, 0x25, 0x00, 0x00, 0x00, 0x01, 0x00, 0x00, 0x00, 0x62, 0xfd, 0xff, 0xff,
  0x0c, 0x00, 0x00, 0x00, 0x10, 0x00, 0x00, 0x00, 0x03, 0x00, 0x00, 0x00, 0x01, 0x00, 0x00, 0x00,
  0x25, 0x00, 0x00, 0x00, 0x02, 0x00, 0x00, 0x00, 0x24, 0x00, 0x00, 0x00, 0x05, 0x00, 0x00, 0x00,
  0x0a, 0xfd, 0xff, 0xff, 0x14, 0x00, 0x00, 0x00, 0x00, 0x00, 0x00, 0x05, 0x24, 0x00, 0x00, 0x00,
  0x28, 0x00, 0x00, 0x00, 0x06, 0x00, 0x00, 0x00, 0x66, 0xfe, 0xff, 0xff, 0x02, 0x00, 0x00, 0x00,
  0x01, 0x00, 0x00, 0x00, 0x02, 0x00, 0x00, 0x00, 0x01, 0x00, 0x00, 0x00, 0x00, 0x00, 0x00, 0x01,
  0x01, 0x00, 0x00, 0x00, 0x24, 0x00, 0x00, 0x00, 0x01, 0x00, 0x00, 0x00, 0x23, 0x00, 0x00, 0x00,
  0x4a, 0xfd, 0xff, 0xff, 0x14, 0x00, 0x00, 0x00, 0x00, 0x00, 0x00, 0x34, 0x10, 0x00, 0x00, 0x00,
  0x14, 0x00, 0x00, 0x00, 0x01, 0x00, 0x00, 0x00, 0x8c, 0xdc, 0xff, 0xff, 0x01, 0x00, 0x00, 0x00,
  0x23, 0x00, 0x00, 0x00, 0x02, 0x00, 0x00, 0x00, 0x22, 0x00, 0x00, 0x00, 0x03, 0x00, 0x00, 0x00,
  0x7a, 0xfd, 0xff, 0xff, 0x14, 0x00, 0x00, 0x00, 0x00, 0x00, 0x00, 0x0b, 0x10, 0x00, 0x00, 0x00,
  0x14, 0x00, 0x00, 0x00, 0x05, 0x00, 0x00, 0x00, 0xbc, 0xdc, 0xff, 0xff, 0x01, 0x00, 0x00, 0x00,
  0x22, 0x00, 0x00, 0x00, 0x02, 0x00, 0x00, 0x00, 0x21, 0x00, 0x00, 0x00, 0x0d, 0x00, 0x00, 0x00,
  0xaa, 0xfd, 0xff, 0xff, 0x14, 0x00, 0x00, 0x00, 0x00, 0x00, 0x00, 0x15, 0x10, 0x00, 0x00, 0x00,
  0x14, 0x00, 0x00, 0x00, 0x04, 0x00, 0x00, 0x00, 0xec, 0xdc, 0xff, 0xff, 0x01, 0x00, 0x00, 0x00,
  0x21, 0x00, 0x00, 0x00, 0x02, 0x00, 0x00, 0x00, 0x20, 0x00, 0x00, 0x00, 0x0e, 0x00, 0x00, 0x00,
  0x56, 0xfe, 0xff, 0xff, 0x0c, 0x00, 0x00, 0x00, 0x10, 0x00, 0x00, 0x00, 0x03, 0x00, 0x00, 0x00,
  0x01, 0x00, 0x00, 0x00, 0x20, 0x00, 0x00, 0x00, 0x02, 0x00, 0x00, 0x00, 0x1f, 0x00, 0x00, 0x00,
  0x04, 0x00, 0x00, 0x00, 0xfe, 0xfd, 0xff, 0xff, 0x14, 0x00, 0x00, 0x00, 0x00, 0x00, 0x00, 0x01,
  0x1c, 0x00, 0x00, 0x00, 0x20, 0x00, 0x00, 0x00, 0x02, 0x00, 0x00, 0x00, 0x4c, 0xfe, 0xff, 0xff,
  0x00, 0x00, 0x00, 0x01, 0x01, 0x00, 0x00, 0x00, 0x01, 0x00, 0x00, 0x00, 0x01, 0x00, 0x00, 0x00,
  0x1f, 0x00, 0x00, 0x00, 0x03, 0x00, 0x00, 0x00, 0x1d, 0x00, 0x00, 0x00, 0x1e, 0x00, 0x00, 0x00,
  0x0f, 0x00, 0x00, 0x00, 0x3e, 0xfe, 0xff, 0xff, 0x14, 0x00, 0x00, 0x00, 0x00, 0x00, 0x00, 0x34,
  0x10, 0x00, 0x00, 0x00, 0x14, 0x00, 0x00, 0x00, 0x01, 0x00, 0x00, 0x00, 0x80, 0xdd, 0xff, 0xff,
  0x01, 0x00, 0x00, 0x00, 0x1d, 0x00, 0x00, 0x00, 0x02, 0x00, 0x00, 0x00, 0x1c, 0x00, 0x00, 0x00,
  0x01, 0x00, 0x00, 0x00, 0xea, 0xfe, 0xff, 0xff, 0x0c, 0x00, 0x00, 0x00, 0x10, 0x00, 0x00, 0x00,
  0x03, 0x00, 0x00, 0x00, 0x01, 0x00, 0x00, 0x00, 0x1c, 0x00, 0x00, 0x00, 0x02, 0x00, 0x00, 0x00,
  0x1b, 0x00, 0x00, 0x00, 0x04, 0x00, 0x00, 0x00, 0x00, 0x00, 0x0e, 0x00, 0x1a, 0x00, 0x14, 0x00,
  0x10, 0x00, 0x0c, 0x00, 0x0b, 0x00, 0x04, 0x00, 0x0e, 0x00, 0x00, 0x00, 0x24, 0x00, 0x00, 0x00,
  0x00, 0x00, 0x00, 0x05, 0x34, 0x00, 0x00, 0x00, 0x38, 0x00, 0x00, 0x00, 0x06, 0x00, 0x00, 0x00,
  0x00, 0x00, 0x0e, 0x00, 0x18, 0x00, 0x17, 0x00, 0x10, 0x00, 0x0c, 0x00, 0x08, 0x00, 0x04, 0x00,
  0x0e, 0x00, 0x00, 0x00, 0x02, 0x00, 0x00, 0x00, 0x01, 0x00, 0x00, 0x00, 0x02, 0x00, 0x00, 0x00,
  0x01, 0x00, 0x00, 0x00, 0x00, 0x00, 0x00, 0x01, 0x01, 0x00, 0x00, 0x00, 0x1b, 0x00, 0x00, 0x00,
  0x01, 0x00, 0x00, 0x00, 0x1a, 0x00, 0x00, 0x00, 0xf2, 0xfe, 0xff, 0xff, 0x14, 0x00, 0x00, 0x00,
  0x00, 0x00, 0x00, 0x34, 0x10, 0x00, 0x00, 0x00, 0x14, 0x00, 0x00, 0x00, 0x01, 0x00, 0x00, 0x00,
  0x34, 0xde, 0xff, 0xff, 0x01, 0x00, 0x00, 0x00, 0x1a, 0x00, 0x00, 0x00, 0x02, 0x00, 0x00, 0x00,
  0x19, 0x00, 0x00, 0x00, 0x03, 0x00, 0x00, 0x00, 0x22, 0xff, 0xff, 0xff, 0x14, 0x00, 0x00, 0x00,
  0x00, 0x00, 0x00, 0x0b, 0x10, 0x00, 0x00, 0x00, 0x14, 0x00, 0x00, 0x00, 0x05, 0x00, 0x00, 0x00,
  0x64, 0xde, 0xff, 0xff, 0x01, 0x00, 0x00, 0x00, 0x19, 0x00, 0x00, 0x00, 0x02, 0x00, 0x00, 0x00,
  0x18, 0x00, 0x00, 0x00, 0x10, 0x00, 0x00, 0x00, 0x52, 0xff, 0xff, 0xff, 0x14, 0x00, 0x00, 0x00,
  0x00, 0x00, 0x00, 0x15, 0x10, 0x00, 0x00, 0x00, 0x14, 0x00, 0x00, 0x00, 0x04, 0x00, 0x00, 0x00,
  0x94, 0xde, 0xff, 0xff, 0x01, 0x00, 0x00, 0x00, 0x18, 0x00, 0x00, 0x00, 0x02, 0x00, 0x00, 0x00,
  0x17, 0x00, 0x00, 0x00, 0x11, 0x00, 0x00, 0x00, 0x00, 0x00, 0x0a, 0x00, 0x10, 0x00, 0x0c, 0x00,
  0x08, 0x00, 0x04, 0x00, 0x0a, 0x00, 0x00, 0x00, 0x0c, 0x00, 0x00, 0x00, 0x10, 0x00, 0x00, 0x00,
  0x03, 0x00, 0x00, 0x00, 0x01, 0x00, 0x00, 0x00, 0x17, 0x00, 0x00, 0x00, 0x02, 0x00, 0x00, 0x00,
  0x16, 0x00, 0x00, 0x00, 0x02, 0x00, 0x00, 0x00, 0xb2, 0xff, 0xff, 0xff, 0x20, 0x00, 0x00, 0x00,
  0x00, 0x00, 0x00, 0x01, 0x28, 0x00, 0x00, 0x00, 0x2c, 0x00, 0x00, 0x00, 0x02, 0x00, 0x00, 0x00,
  0x0c, 0x00, 0x10, 0x00, 0x00, 0x00, 0x0c, 0x00, 0x08, 0x00, 0x07, 0x00, 0x0c, 0x00, 0x00, 0x00,
  0x00, 0x00, 0x00, 0x01, 0x01, 0x00, 0x00, 0x00, 0x01, 0x00, 0x00, 0x00, 0x01, 0x00, 0x00, 0x00,
  0x16, 0x00, 0x00, 0x00, 0x03, 0x00, 0x00, 0x00, 0x13, 0x00, 0x00, 0x00, 0x14, 0x00, 0x00, 0x00,
  0x15, 0x00, 0x00, 0x00, 0x00, 0x00, 0x0e, 0x00, 0x18, 0x00, 0x14, 0x00, 0x10, 0x00, 0x0c, 0x00,
  0x0b, 0x00, 0x04, 0x00, 0x0e, 0x00, 0x00, 0x00, 0x14, 0x00, 0x00, 0x00, 0x00, 0x00, 0x00, 0x34,
  0x10, 0x00, 0x00, 0x00, 0x14, 0x00, 0x00, 0x00, 0x01, 0x00, 0x00, 0x00, 0x50, 0xdf, 0xff, 0xff,
  0x01, 0x00, 0x00, 0x00, 0x13, 0x00, 0x00, 0x00, 0x02, 0x00, 0x00, 0x00, 0x12, 0x00, 0x00, 0x00,
  0x01, 0x00, 0x00, 0x00, 0x00, 0x00, 0x0a, 0x00, 0x0c, 0x00, 0x00, 0x00, 0x08, 0x00, 0x04, 0x00,
  0x0a, 0x00, 0x00, 0x00, 0x08, 0x00, 0x00, 0x00, 0x0c, 0x00, 0x00, 0x00, 0x01, 0x00, 0x00, 0x00,
  0x12, 0x00, 0x00, 0x00, 0x01, 0x00, 0x00, 0x00, 0x00, 0x00, 0x00, 0x00, 0x01, 0x00, 0x00, 0x00,
  0x2e, 0x00, 0x00, 0x00, 0x01, 0x00, 0x00, 0x00, 0x00, 0x00, 0x00, 0x00, 0x2f, 0x00, 0x00, 0x00,
  0x30, 0x20, 0x00, 0x00, 0xdc, 0x1f, 0x00, 0x00, 0x60, 0x1f, 0x00, 0x00, 0x24, 0x1f, 0x00, 0x00,
  0xe4, 0x1e, 0x00, 0x00, 0x90, 0x1e, 0x00, 0x00, 0x2c, 0x1e, 0x00, 0x00, 0xcc, 0x1d, 0x00, 0x00,
  0x48, 0x1d, 0x00, 0x00, 0xc8, 0x1c, 0x00, 0x00, 0xd4, 0x1b, 0x00, 0x00, 0x08, 0x1b, 0x00, 0x00,
  0xcc, 0x19, 0x00, 0x00, 0x58, 0x19, 0x00, 0x00, 0xe4, 0x18, 0x00, 0x00, 0xa8, 0x17, 0x00, 0x00,
  0x34, 0x17, 0x00, 0x00, 0xc0, 0x16, 0x00, 0x00, 0x58, 0x15, 0x00, 0x00, 0x98, 0x14, 0x00, 0x00,
  0x14, 0x14, 0x00, 0x00, 0xd8, 0x12, 0x00, 0x00, 0x74, 0x11, 0x00, 0x00, 0x44, 0x10, 0x00, 0x00,
  0xb0, 0x0f, 0x00, 0x00, 0x1c, 0x0f, 0x00, 0x00, 0x84, 0x0e, 0x00, 0x00, 0xf0, 0x0d, 0x00, 0x00,
  0x60, 0x0d, 0x00, 0x00, 0xb8, 0x0c, 0x00, 0x00, 0x34, 0x0c, 0x00, 0x00, 0xd0, 0x0a, 0x00, 0x00,
  0xa0, 0x09, 0x00, 0x00, 0x0c, 0x09, 0x00, 0x00, 0x78, 0x08, 0x00, 0x00, 0xe0, 0x07, 0x00, 0x00,
  0x4c, 0x07, 0x00, 0x00, 0xbc, 0x06, 0x00, 0x00, 0x14, 0x06, 0x00, 0x00, 0x90, 0x05, 0x00, 0x00,
  0x2c, 0x04, 0x00, 0x00, 0xfc, 0x02, 0x00, 0x00, 0x74, 0x02, 0x00, 0x00, 0x98, 0x01, 0x00, 0x00,
  0xdc, 0x00, 0x00, 0x00, 0x60, 0x00, 0x00, 0x00, 0x04, 0x00, 0x00, 0x00, 0xa2, 0xe0, 0xff, 0xff,
  0x00, 0x00, 0x00, 0x01, 0x14, 0x00, 0x00, 0x00, 0x1c, 0x00, 0x00, 0x00, 0x1c, 0x00, 0x00, 0x00,
  0x2f, 0x00, 0x00, 0x00, 0x34, 0x00, 0x00, 0x00, 0x02, 0x00, 0x00, 0x00, 0xff, 0xff, 0xff, 0xff,
  0x01, 0x00, 0x00, 0x00, 0x88, 0xe0, 0xff, 0xff, 0x19, 0x00, 0x00, 0x00, 0x53, 0x74, 0x61, 0x74,
  0x65, 0x66, 0x75, 0x6c, 0x50, 0x61, 0x72, 0x74, 0x69, 0x74, 0x69, 0x6f, 0x6e, 0x65, 0x64, 0x43,
  0x61, 0x6c, 0x6c, 0x3a, 0x30, 0x00, 0x00, 0x00, 0x02, 0x00, 0x00, 0x00, 0x01, 0x00, 0x00, 0x00,
  0x01, 0x00, 0x00, 0x00, 0x8a, 0xeb, 0xff, 0xff, 0x00, 0x00, 0x00, 0x01, 0x18, 0x00, 0x00, 0x00,
  0x20, 0x00, 0x00, 0x00, 0x3c, 0x00, 0x00, 0x00, 0x2e, 0x00, 0x00, 0x00, 0x00, 0x00, 0x00, 0x09,
  0x50, 0x00, 0x00, 0x00, 0x02, 0x00, 0x00, 0x00, 0xff, 0xff, 0xff, 0xff, 0x01, 0x00, 0x00, 0x00,
  0xbc, 0xe3, 0xff, 0xff, 0x08, 0x00, 0x00, 0x00, 0x10, 0x00, 0x00, 0x00, 0x01, 0x00, 0x00, 0x00,
  0x80, 0xff, 0xff, 0xff, 0xff, 0xff, 0xff, 0xff, 0x01, 0x00, 0x00, 0x00, 0x00, 0x00, 0x80, 0x3b,
  0x1a, 0x00, 0x00, 0x00, 0x53, 0x74, 0x61, 0x74, 0x65, 0x66, 0x75, 0x6c, 0x50, 0x61, 0x72, 0x74,
  0x69, 0x74, 0x69, 0x6f, 0x6e, 0x65, 0x64, 0x43, 0x61, 0x6c, 0x6c, 0x3a, 0x30, 0x31, 0x00, 0x00,
  0x02, 0x00, 0x00, 0x00, 0x01, 0x00, 0x00, 0x00, 0x01, 0x00, 0x00, 0x00, 0x02, 0xec, 0xff, 0xff,
  0x00, 0x00, 0x00, 0x01, 0x18, 0x00, 0x00, 0x00, 0x20, 0x00, 0x00, 0x00, 0x40, 0x00, 0x00, 0x00,
  0x2d, 0x00, 0x00, 0x00, 0x00, 0x00, 0x00, 0x09, 0x90, 0x00, 0x00, 0x00, 0x02, 0x00, 0x00, 0x00,
  0xff, 0xff, 0xff, 0xff, 0x01, 0x00, 0x00, 0x00, 0x34, 0xe4, 0xff, 0xff, 0x08, 0x00, 0x00, 0x00,
  0x14, 0x00, 0x00, 0x00, 0x01, 0x00, 0x00, 0x00, 0xe8, 0xff, 0xff, 0xff, 0xff, 0xff, 0xff, 0xff,
  0x00, 0x00, 0x00, 0x00, 0x01, 0x00, 0x00, 0x00, 0xa2, 0x42, 0x66, 0x3e, 0x56, 0x00, 0x00, 0x00,
  0x46, 0x65, 0x64, 0x58, 0x41, 0x49, 0x5f, 0x45, 0x64, 0x67, 0x65, 0x5f, 0x43, 0x4e, 0x4e, 0x2f,
  0x66, 0x61, 0x69, 0x6c, 0x75, 0x72, 0x65, 0x5f, 0x70, 0x72, 0x6f, 0x62, 0x61, 0x62, 0x69, 0x6c,
  0x69, 0x74, 0x79, 0x2f, 0x4d, 0x61, 0x74, 0x4d, 0x75, 0x6c, 0x3b, 0x46, 0x65, 0x64, 0x58, 0x41,
  0x49, 0x5f, 0x45, 0x64, 0x67, 0x65, 0x5f, 0x43, 0x4e, 0x4e, 0x2f, 0x66, 0x61, 0x69, 0x6c, 0x75,
  0x72, 0x65, 0x5f, 0x70, 0x72, 0x6f, 0x62, 0x61, 0x62, 0x69, 0x6c, 0x69, 0x74, 0x79, 0x2f, 0x42,
  0x69, 0x61, 0x73, 0x41, 0x64, 0x64, 0x00, 0x00, 0x02, 0x00, 0x00, 0x00, 0x01, 0x00, 0x00, 0x00,
  0x01, 0x00, 0x00, 0x00, 0xba, 0xec, 0xff, 0xff, 0x00, 0x00, 0x00, 0x01, 0x18, 0x00, 0x00, 0x00,
  0x20, 0x00, 0x00, 0x00, 0x40, 0x00, 0x00, 0x00, 0x2c, 0x00, 0x00, 0x00, 0x00, 0x00, 0x00, 0x09,
  0xb0, 0x00, 0x00, 0x00, 0x02, 0x00, 0x00, 0x00, 0xff, 0xff, 0xff, 0xff, 0x08, 0x00, 0x00, 0x00,
  0xec, 0xe4, 0xff, 0xff, 0x08, 0x00, 0x00, 0x00, 0x14, 0x00, 0x00, 0x00, 0x01, 0x00, 0x00, 0x00,
  0x80, 0xff, 0xff, 0xff, 0xff, 0xff, 0xff, 0xff, 0x00, 0x00, 0x00, 0x00, 0x01, 0x00, 0x00, 0x00,
  0x05, 0x65, 0x3b, 0x3d, 0x76, 0x00, 0x00, 0x00, 0x46, 0x65, 0x64, 0x58, 0x41, 0x49, 0x5f, 0x45,
  0x64, 0x67, 0x65, 0x5f, 0x43, 0x4e, 0x4e, 0x2f, 0x64, 0x65, 0x6e, 0x73, 0x65, 0x5f, 0x63, 0x6c,
  0x61, 0x73, 0x73, 0x69, 0x66, 0x69, 0x65, 0x72, 0x2f, 0x4d, 0x61, 0x74, 0x4d, 0x75, 0x6c, 0x3b,
  0x46, 0x65, 0x64, 0x58, 0x41, 0x49, 0x5f, 0x45, 0x64, 0x67, 0x65, 0x5f, 0x43, 0x4e, 0x4e, 0x2f,
  0x64, 0x65, 0x6e, 0x73, 0x65, 0x5f, 0x63, 0x6c, 0x61, 0x73, 0x73, 0x69, 0x66, 0x69, 0x65, 0x72,
  0x2f, 0x52, 0x65, 0x6c, 0x75, 0x3b, 0x46, 0x65, 0x64, 0x58, 0x41, 0x49, 0x5f, 0x45, 0x64, 0x67,
  0x65, 0x5f, 0x43, 0x4e, 0x4e, 0x2f, 0x64, 0x65, 0x6e, 0x73, 0x65, 0x5f, 0x63, 0x6c, 0x61, 0x73,
  0x73, 0x69, 0x66, 0x69, 0x65, 0x72, 0x2f, 0x42, 0x69, 0x61, 0x73, 0x41, 0x64, 0x64, 0x00, 0x00,
  0x02, 0x00, 0x00, 0x00, 0x01, 0x00, 0x00, 0x00, 0x08, 0x00, 0x00, 0x00, 0x92, 0xed, 0xff, 0xff,
  0x00, 0x00, 0x00, 0x01, 0x18, 0x00, 0x00, 0x00, 0x20, 0x00, 0x00, 0x00, 0x40, 0x00, 0x00, 0x00,
  0x2b, 0x00, 0x00, 0x00, 0x00, 0x00, 0x00, 0x09, 0x5c, 0x00, 0x00, 0x00, 0x02, 0x00, 0x00, 0x00,
  0xff, 0xff, 0xff, 0xff, 0x10, 0x00, 0x00, 0x00, 0xc4, 0xe5, 0xff, 0xff, 0x08, 0x00, 0x00, 0x00,
  0x14, 0x00, 0x00, 0x00, 0x01, 0x00, 0x00, 0x00, 0x80, 0xff, 0xff, 0xff, 0xff, 0xff, 0xff, 0xff,
  0x00, 0x00, 0x00, 0x00, 0x01, 0x00, 0x00, 0x00, 0x63, 0xeb, 0x3c, 0x3d, 0x20, 0x00, 0x00, 0x00,
  0x46, 0x65, 0x64, 0x58, 0x41, 0x49, 0x5f, 0x45, 0x64, 0x67, 0x65, 0x5f, 0x43, 0x4e, 0x4e, 0x2f,
  0x67, 0x6c, 0x6f, 0x62, 0x61, 0x6c, 0x5f, 0x70, 0x6f, 0x6f, 0x6c, 0x2f, 0x4d, 0x65, 0x61, 0x6e,
  0x00, 0x00, 0x00, 0x00, 0x02, 0x00, 0x00, 0x00, 0x01, 0x00, 0x00, 0x00, 0x10, 0x00, 0x00, 0x00,
  0x16, 0xee, 0xff, 0xff, 0x00, 0x00, 0x00, 0x01, 0x18, 0x00, 0x00, 0x00, 0x24, 0x00, 0x00, 0x00,
  0x44, 0x00, 0x00, 0x00, 0x2a, 0x00, 0x00, 0x00, 0x00, 0x00, 0x00, 0x09, 0x00, 0x01, 0x00, 0x00,
  0x03, 0x00, 0x00, 0x00, 0xff, 0xff, 0xff, 0xff, 0x05, 0x00, 0x00, 0x00, 0x10, 0x00, 0x00, 0x00,
  0x4c, 0xe6, 0xff, 0xff, 0x08, 0x00, 0x00, 0x00, 0x14, 0x00, 0x00, 0x00, 0x01, 0x00, 0x00, 0x00,
  0x80, 0xff, 0xff, 0xff, 0xff, 0xff, 0xff, 0xff, 0x00, 0x00, 0x00, 0x00, 0x01, 0x00, 0x00, 0x00,
  0x63, 0xeb, 0x3c, 0x3d, 0xc2, 0x00, 0x00, 0x00, 0x46, 0x65, 0x64, 0x58, 0x41, 0x49, 0x5f, 0x45,
  0x64, 0x67, 0x65, 0x5f, 0x43, 0x4e, 0x4e, 0x2f, 0x71, 0x75, 0x61, 0x6e, 0x74, 0x5f, 0x63, 0x6f,
  0x6e, 0x76, 0x31, 0x64, 0x5f, 0x62, 0x6c, 0x6f, 0x63, 0x6b, 0x33, 0x2f, 0x52, 0x65, 0x6c, 0x75,
  0x3b, 0x46, 0x65, 0x64, 0x58, 0x41, 0x49, 0x5f, 0x45, 0x64, 0x67, 0x65, 0x5f, 0x43, 0x4e, 0x4e,
  0x2f, 0x71, 0x75, 0x61, 0x6e, 0x74, 0x5f, 0x63, 0x6f, 0x6e, 0x76, 0x31, 0x64, 0x5f, 0x62, 0x6c,
  0x6f, 0x63, 0x6b, 0x33, 0x2f, 0x42, 0x69, 0x61, 0x73, 0x41, 0x64, 0x64, 0x3b, 0x46, 0x65, 0x64,
  0x58, 0x41, 0x49, 0x5f, 0x45, 0x64, 0x67, 0x65, 0x5f, 0x43, 0x4e, 0x4e, 0x2f, 0x71, 0x75, 0x61,
  0x6e, 0x74, 0x5f, 0x63, 0x6f, 0x6e, 0x76, 0x31, 0x64, 0x5f, 0x62, 0x6c, 0x6f, 0x63, 0x6b, 0x33,
  0x2f, 0x43, 0x6f, 0x6e, 0x76, 0x31, 0x44, 0x2f, 0x53, 0x71, 0x75, 0x65, 0x65, 0x7a, 0x65, 0x3b,
  0x46, 0x65, 0x64, 0x58, 0x41, 0x49, 0x5f, 0x45, 0x64, 0x67, 0x65, 0x5f, 0x43, 0x4e, 0x4e, 0x2f,
  0x71, 0x75, 0x61, 0x6e, 0x74, 0x5f, 0x63, 0x6f, 0x6e, 0x76, 0x31, 0x64, 0x5f, 0x62, 0x6c, 0x6f,
  0x63, 0x6b, 0x33, 0x2f, 0x42, 0x69, 0x61, 0x73, 0x41, 0x64, 0x64, 0x2f, 0x52, 0x65, 0x61, 0x64,
  0x56, 0x61, 0x72, 0x69, 0x61, 0x62, 0x6c, 0x65, 0x4f, 0x70, 0x00, 0x00, 0x03, 0x00, 0x00, 0x00,
  0x01, 0x00, 0x00, 0x00, 0x05, 0x00, 0x00, 0x00, 0x10, 0x00, 0x00, 0x00, 0x42, 0xef, 0xff, 0xff,
  0x00, 0x00, 0x00, 0x01, 0x18, 0x00, 0x00, 0x00, 0x28, 0x00, 0x00, 0x00, 0x48, 0x00, 0x00, 0x00,
  0x29, 0x00, 0x00, 0x00, 0x00, 0x00, 0x00, 0x09, 0x30, 0x01, 0x00, 0x00, 0x04, 0x00, 0x00, 0x00,
  0xff, 0xff, 0xff, 0xff, 0x01, 0x00, 0x00, 0x00, 0x05, 0x00, 0x00, 0x00, 0x10, 0x00, 0x00, 0x00,
  0x7c, 0xe7, 0xff, 0xff, 0x08, 0x00, 0x00, 0x00, 0x14, 0x00, 0x00, 0x00, 0x01, 0x00, 0x00, 0x00,
  0x80, 0xff, 0xff, 0xff, 0xff, 0xff, 0xff, 0xff, 0x00, 0x00, 0x00, 0x00, 0x01, 0x00, 0x00, 0x00,
  0x63, 0xeb, 0x3c, 0x3d, 0xee, 0x00, 0x00, 0x00, 0x46, 0x65, 0x64, 0x58, 0x41, 0x49, 0x5f, 0x45,
  0x64, 0x67, 0x65, 0x5f, 0x43, 0x4e, 0x4e, 0x2f, 0x71, 0x75, 0x61, 0x6e, 0x74, 0x5f, 0x63, 0x6f,
  0x6e, 0x76, 0x31, 0x64, 0x5f, 0x62, 0x6c, 0x6f, 0x63, 0x6b, 0x33, 0x2f, 0x52, 0x65, 0x6c, 0x75,
  0x3b, 0x46, 0x65, 0x64, 0x58, 0x41, 0x49, 0x5f, 0x45, 0x64, 0x67, 0x65, 0x5f, 0x43, 0x4e, 0x4e,
  0x2f, 0x71, 0x75, 0x61, 0x6e, 0x74, 0x5f, 0x63, 0x6f, 0x6e, 0x76, 0x31, 0x64, 0x5f, 0x62, 0x6c,
  0x6f, 0x63, 0x6b, 0x33, 0x2f, 0x42, 0x69, 0x61, 0x73, 0x41, 0x64, 0x64, 0x3b, 0x46, 0x65, 0x64,
  0x58, 0x41, 0x49, 0x5f, 0x45, 0x64, 0x67, 0x65, 0x5f, 0x43, 0x4e, 0x4e, 0x2f, 0x71, 0x75, 0x61,
  0x6e, 0x74, 0x5f, 0x63, 0x6f, 0x6e, 0x76, 0x31, 0x64, 0x5f, 0x62, 0x6c, 0x6f, 0x63, 0x6b, 0x33,
  0x2f, 0x43, 0x6f, 0x6e, 0x76, 0x31, 0x44, 0x2f, 0x53, 0x71, 0x75, 0x65, 0x65, 0x7a, 0x65, 0x3b,
  0x46, 0x65, 0x64, 0x58, 0x41, 0x49, 0x5f, 0x45, 0x64, 0x67, 0x65, 0x5f, 0x43, 0x4e, 0x4e, 0x2f,
  0x71, 0x75, 0x61, 0x6e, 0x74, 0x5f, 0x63, 0x6f, 0x6e, 0x76, 0x31, 0x64, 0x5f, 0x62, 0x6c, 0x6f,
  0x63, 0x6b, 0x33, 0x2f, 0x42, 0x69, 0x61, 0x73, 0x41, 0x64, 0x64, 0x2f, 0x52, 0x65, 0x61, 0x64,
  0x56, 0x61, 0x72, 0x69, 0x61, 0x62, 0x6c, 0x65, 0x4f, 0x70, 0x3b, 0x46, 0x65, 0x64, 0x58, 0x41,
  0x49, 0x5f, 0x45, 0x64, 0x67, 0x65, 0x5f, 0x43, 0x4e, 0x4e, 0x2f, 0x71, 0x75, 0x61, 0x6e, 0x74,
  0x5f, 0x63, 0x6f, 0x6e, 0x76, 0x31, 0x64, 0x5f, 0x62, 0x6c, 0x6f, 0x63, 0x6b, 0x33, 0x2f, 0x43,
  0x6f, 0x6e, 0x76, 0x31, 0x44, 0x31, 0x00, 0x00, 0x04, 0x00, 0x00, 0x00, 0x01, 0x00, 0x00, 0x00,
  0x01, 0x00, 0x00, 0x00, 0x05, 0x00, 0x00, 0x00, 0x10, 0x00, 0x00, 0x00, 0x62, 0xe6, 0xff, 0xff,
  0x00, 0x00, 0x00, 0x01, 0x14, 0x00, 0x00, 0x00, 0x30, 0x00, 0x00, 0x00, 0x28, 0x00, 0x00, 0x00,
  0x00, 0x00, 0x00, 0x09, 0x54, 0x00, 0x00, 0x00, 0xc4, 0xe8, 0xff, 0xff, 0x08, 0x00, 0x00, 0x00,
  0x10, 0x00, 0x00, 0x00, 0x01, 0x00, 0x00, 0x00, 0x00, 0x00, 0x00, 0x00, 0x00, 0x00, 0x00, 0x00,
  0x01, 0x00, 0x00, 0x00, 0x34, 0xa1, 0x79, 0x3b, 0x2a, 0x00, 0x00, 0x00, 0x46, 0x65, 0x64, 0x58,
  0x41, 0x49, 0x5f, 0x45, 0x64, 0x67, 0x65, 0x5f, 0x43, 0x4e, 0x4e, 0x2f, 0x71, 0x75, 0x61, 0x6e,
  0x74, 0x5f, 0x63, 0x6f, 0x6e, 0x76, 0x31, 0x64, 0x5f, 0x62, 0x6c, 0x6f, 0x63, 0x6b, 0x33, 0x2f,
  0x43, 0x6f, 0x6e, 0x76, 0x31, 0x44, 0x00, 0x00, 0x04, 0x00, 0x00, 0x00, 0x10, 0x00, 0x00, 0x00,
  0x01, 0x00, 0x00, 0x00, 0x03, 0x00, 0x00, 0x00, 0x20, 0x00, 0x00, 0x00, 0x22, 0xf1, 0xff, 0xff,
  0x00, 0x00, 0x00, 0x01, 0x18, 0x00, 0x00, 0x00, 0x28, 0x00, 0x00, 0x00, 0x44, 0x00, 0x00, 0x00,
  0x27, 0x00, 0x00, 0x00, 0x00, 0x00, 0x00, 0x09, 0x74, 0x00, 0x00, 0x00, 0x04, 0x00, 0x00, 0x00,
  0xff, 0xff, 0xff, 0xff, 0x01, 0x00, 0x00, 0x00, 0x05, 0x00, 0x00, 0x00, 0x20, 0x00, 0x00, 0x00,
  0x5c, 0xe9, 0xff, 0xff, 0x08, 0x00, 0x00, 0x00, 0x10, 0x00, 0x00, 0x00, 0x01, 0x00, 0x00, 0x00,
  0x96, 0xff, 0xff, 0xff, 0xff, 0xff, 0xff, 0xff, 0x01, 0x00, 0x00, 0x00, 0x69, 0x44, 0x38, 0x3d,
  0x35, 0x00, 0x00, 0x00, 0x46, 0x65, 0x64, 0x58, 0x41, 0x49, 0x5f, 0x45, 0x64, 0x67, 0x65, 0x5f,
  0x43, 0x4e, 0x4e, 0x2f, 0x71, 0x75, 0x61, 0x6e, 0x74, 0x5f, 0x63, 0x6f, 0x6e, 0x76, 0x31, 0x64,
  0x5f, 0x62, 0x6c, 0x6f, 0x63, 0x6b, 0x33, 0x2f, 0x43, 0x6f, 0x6e, 0x76, 0x31, 0x44, 0x2f, 0x45,
  0x78, 0x70, 0x61, 0x6e, 0x64, 0x44, 0x69, 0x6d, 0x73, 0x00, 0x00, 0x00, 0x04, 0x00, 0x00, 0x00,
  0x01, 0x00, 0x00, 0x00, 0x01, 0x00, 0x00, 0x00, 0x05, 0x00, 0x00, 0x00, 0x20, 0x00, 0x00, 0x00,
  0xc6, 0xf1, 0xff, 0xff, 0x00, 0x00, 0x00, 0x01, 0x18, 0x00, 0x00, 0x00, 0x24, 0x00, 0x00, 0x00,
  0x40, 0x00, 0x00, 0x00, 0x26, 0x00, 0x00, 0x00, 0x00, 0x00, 0x00, 0x09, 0x60, 0x00, 0x00, 0x00,
  0x03, 0x00, 0x00, 0x00, 0xff, 0xff, 0xff, 0xff, 0x05, 0x00, 0x00, 0x00, 0x20, 0x00, 0x00, 0x00,
  0xfc, 0xe9, 0xff, 0xff, 0x08, 0x00, 0x00, 0x00, 0x10, 0x00, 0x00, 0x00, 0x01, 0x00, 0x00, 0x00,
  0x96, 0xff, 0xff, 0xff, 0xff, 0xff, 0xff, 0xff, 0x01, 0x00, 0x00, 0x00, 0x69, 0x44, 0x38, 0x3d,
  0x24, 0x00, 0x00, 0x00, 0x46, 0x65, 0x64, 0x58, 0x41, 0x49, 0x5f, 0x45, 0x64, 0x67, 0x65, 0x5f,
  0x43, 0x4e, 0x4e, 0x2f, 0x70, 0x6f, 0x6f, 0x6c, 0x5f, 0x62, 0x6c, 0x6f, 0x63, 0x6b, 0x32, 0x2f,
  0x53, 0x71, 0x75, 0x65, 0x65, 0x7a, 0x65, 0x31, 0x00, 0x00, 0x00, 0x00, 0x03, 0x00, 0x00, 0x00,
  0x01, 0x00, 0x00, 0x00, 0x05, 0x00, 0x00, 0x00, 0x20, 0x00, 0x00, 0x00, 0x52, 0xf2, 0xff, 0xff,
  0x00, 0x00, 0x00, 0x01, 0x18, 0x00, 0x00, 0x00, 0x28, 0x00, 0x00, 0x00, 0x44, 0x00, 0x00, 0x00,
  0x25, 0x00, 0x00, 0x00, 0x00, 0x00, 0x00, 0x09, 0x60, 0x00, 0x00, 0x00, 0x04, 0x00, 0x00, 0x00,
  0xff, 0xff, 0xff, 0xff, 0x05, 0x00, 0x00, 0x00, 0x01, 0x00, 0x00, 0x00, 0x20, 0x00, 0x00, 0x00,
  0x8c, 0xea, 0xff, 0xff, 0x08, 0x00, 0x00, 0x00, 0x10, 0x00, 0x00, 0x00, 0x01, 0x00, 0x00, 0x00,
  0x96, 0xff, 0xff, 0xff, 0xff, 0xff, 0xff, 0xff, 0x01, 0x00, 0x00, 0x00, 0x69, 0x44, 0x38, 0x3d,
  0x23, 0x00, 0x00, 0x00, 0x46, 0x65, 0x64, 0x58, 0x41, 0x49, 0x5f, 0x45, 0x64, 0x67, 0x65, 0x5f,
  0x43, 0x4e, 0x4e, 0x2f, 0x70, 0x6f, 0x6f, 0x6c, 0x5f, 0x62, 0x6c, 0x6f, 0x63, 0x6b, 0x32, 0x2f,
  0x4d, 0x61, 0x78, 0x50, 0x6f, 0x6f, 0x6c, 0x00, 0x04, 0x00, 0x00, 0x00, 0x01, 0x00, 0x00, 0x00,
  0x05, 0x00, 0x00, 0x00, 0x01, 0x00, 0x00, 0x00, 0x20, 0x00, 0x00, 0x00, 0xe2, 0xf2, 0xff, 0xff,
  0x00, 0x00, 0x00, 0x01, 0x18, 0x00, 0x00, 0x00, 0x28, 0x00, 0x00, 0x00, 0x44, 0x00, 0x00, 0x00,
  0x24, 0x00, 0x00, 0x00, 0x00, 0x00, 0x00, 0x09, 0x64, 0x00, 0x00, 0x00, 0x04, 0x00, 0x00, 0x00,
  0xff, 0xff, 0xff, 0xff, 0x0a, 0x00, 0x00, 0x00, 0x01, 0x00, 0x00, 0x00, 0x20, 0x00, 0x00, 0x00,
  0x1c, 0xeb, 0xff, 0xff, 0x08, 0x00, 0x00, 0x00, 0x10, 0x00, 0x00, 0x00, 0x01, 0x00, 0x00, 0x00,
  0x96, 0xff, 0xff, 0xff, 0xff, 0xff, 0xff, 0xff, 0x01, 0x00, 0x00, 0x00, 0x69, 0x44, 0x38, 0x3d,
  0x26, 0x00, 0x00, 0x00, 0x46, 0x65, 0x64, 0x58, 0x41, 0x49, 0x5f, 0x45, 0x64, 0x67, 0x65, 0x5f,
  0x43, 0x4e, 0x4e, 0x2f, 0x70, 0x6f, 0x6f, 0x6c, 0x5f, 0x62, 0x6c, 0x6f, 0x63, 0x6b, 0x32, 0x2f,
  0x45, 0x78, 0x70, 0x61, 0x6e, 0x64, 0x44, 0x69, 0x6d, 0x73, 0x00, 0x00, 0x04, 0x00, 0x00, 0x00,
  0x01, 0x00, 0x00, 0x00, 0x0a, 0x00, 0x00, 0x00, 0x01, 0x00, 0x00, 0x00, 0x20, 0x00, 0x00, 0x00,
  0x76, 0xf3, 0xff, 0xff, 0x00, 0x00, 0x00, 0x01, 0x18, 0x00, 0x00, 0x00, 0x24, 0x00, 0x00, 0x00,
  0x40, 0x00, 0x00, 0x00, 0x23, 0x00, 0x00, 0x00, 0x00, 0x00, 0x00, 0x09, 0x64, 0x00, 0x00, 0x00,
  0x03, 0x00, 0x00, 0x00, 0xff, 0xff, 0xff, 0xff, 0x0a, 0x00, 0x00, 0x00, 0x20, 0x00, 0x00, 0x00,
  0xac, 0xeb, 0xff, 0xff, 0x08, 0x00, 0x00, 0x00, 0x10, 0x00, 0x00, 0x00, 0x01, 0x00, 0x00, 0x00,
  0x96, 0xff, 0xff, 0xff, 0xff, 0xff, 0xff, 0xff, 0x01, 0x00, 0x00, 0x00, 0x69, 0x44, 0x38, 0x3d,
  0x29, 0x00, 0x00, 0x00, 0x46, 0x65, 0x64, 0x58, 0x41, 0x49, 0x5f, 0x45, 0x64, 0x67, 0x65, 0x5f,
  0x43, 0x4e, 0x4e, 0x2f, 0x62, 0x6e, 0x5f, 0x62, 0x6c, 0x6f, 0x63, 0x6b, 0x32, 0x2f, 0x62, 0x61,
  0x74, 0x63, 0x68, 0x6e, 0x6f, 0x72, 0x6d, 0x2f, 0x61, 0x64, 0x64, 0x5f, 0x31, 0x00, 0x00, 0x00,
  0x03, 0x00, 0x00, 0x00, 0x01, 0x00, 0x00, 0x00, 0x0a, 0x00, 0x00, 0x00, 0x20, 0x00, 0x00, 0x00,
  0x06, 0xf4, 0xff, 0xff, 0x00, 0x00, 0x00, 0x01, 0x18, 0x00, 0x00, 0x00, 0x24, 0x00, 0x00, 0x00,
  0x40, 0x00, 0x00, 0x00, 0x22, 0x00, 0x00, 0x00, 0x00, 0x00, 0x00, 0x09, 0x64, 0x00, 0x00, 0x00,
  0x03, 0x00, 0x00, 0x00, 0xff, 0xff, 0xff, 0xff, 0x0a, 0x00, 0x00, 0x00, 0x20, 0x00, 0x00, 0x00,
  0x3c, 0xec, 0xff, 0xff, 0x08, 0x00, 0x00, 0x00, 0x10, 0x00, 0x00, 0x00, 0x01, 0x00, 0x00, 0x00,
  0x95, 0xff, 0xff, 0xff, 0xff, 0xff, 0xff, 0xff, 0x01, 0x00, 0x00, 0x00, 0x2e, 0x1f, 0x3d, 0x3d,
  0x29, 0x00, 0x00, 0x00, 0x46, 0x65, 0x64, 0x58, 0x41, 0x49, 0x5f, 0x45, 0x64, 0x67, 0x65, 0x5f,
  0x43, 0x4e, 0x4e, 0x2f, 0x62, 0x6e, 0x5f, 0x62, 0x6c, 0x6f, 0x63, 0x6b, 0x32, 0x2f, 0x62, 0x61,
  0x74, 0x63, 0x68, 0x6e, 0x6f, 0x72, 0x6d, 0x2f, 0x6d, 0x75, 0x6c, 0x5f, 0x31, 0x00, 0x00, 0x00,
  0x03, 0x00, 0x00, 0x00, 0x01, 0x00, 0x00, 0x00, 0x0a, 0x00, 0x00, 0x00, 0x20, 0x00, 0x00, 0x00,
  0x96, 0xf4, 0xff, 0xff, 0x00, 0x00, 0x00, 0x01, 0x18, 0x00, 0x00, 0x00, 0x24, 0x00, 0x00, 0x00,
  0x44, 0x00, 0x00, 0x00, 0x21, 0x00, 0x00, 0x00, 0x00, 0x00, 0x00, 0x09, 0x00, 0x01, 0x00, 0x00,
  0x03, 0x00, 0x00, 0x00, 0xff, 0xff, 0xff, 0xff, 0x0a, 0x00, 0x00, 0x00, 0x20, 0x00, 0x00, 0x00,
  0xcc, 0xec, 0xff, 0xff, 0x08, 0x00, 0x00, 0x00, 0x14, 0x00, 0x00, 0x00, 0x01, 0x00, 0x00, 0x00,
  0x80, 0xff, 0xff, 0xff, 0xff, 0xff, 0xff, 0xff, 0x00, 0x00, 0x00, 0x00, 0x01, 0x00, 0x00, 0x00,
  0x64, 0x4c, 0xc9, 0x3c, 0xc2, 0x00, 0x00, 0x00, 0x46, 0x65, 0x64, 0x58, 0x41, 0x49, 0x5f, 0x45,
  0x64, 0x67, 0x65, 0x5f, 0x43, 0x4e, 0x4e, 0x2f, 0x71, 0x75, 0x61, 0x6e, 0x74, 0x5f, 0x63, 0x6f,
  0x6e, 0x76, 0x31, 0x64, 0x5f, 0x62, 0x6c, 0x6f, 0x63, 0x6b, 0x32, 0x2f, 0x52, 0x65, 0x6c, 0x75,
  0x3b, 0x46, 0x65, 0x64, 0x58, 0x41, 0x49, 0x5f, 0x45, 0x64, 0x67, 0x65, 0x5f, 0x43, 0x4e, 0x4e,
  0x2f, 0x71, 0x75, 0x61, 0x6e, 0x74, 0x5f, 0x63, 0x6f, 0x6e, 0x76, 0x31, 0x64, 0x5f, 0x62, 0x6c,
  0x6f, 0x63, 0x6b, 0x32, 0x2f, 0x42, 0x69, 0x61, 0x73, 0x41, 0x64, 0x64, 0x3b, 0x46, 0x65, 0x64,
  0x58, 0x41, 0x49, 0x5f, 0x45, 0x64, 0x67, 0x65, 0x5f, 0x43, 0x4e, 0x4e, 0x2f, 0x71, 0x75, 0x61,
  0x6e, 0x74, 0x5f, 0x63, 0x6f, 0x6e, 0x76, 0x31, 0x64, 0x5f, 0x62, 0x6c, 0x6f, 0x63, 0x6b, 0x32,
  0x2f, 0x43, 0x6f, 0x6e, 0x76, 0x31, 0x44, 0x2f, 0x53, 0x71, 0x75, 0x65, 0x65, 0x7a, 0x65, 0x3b,
  0x46, 0x65, 0x64, 0x58, 0x41, 0x49, 0x5f, 0x45, 0x64, 0x67, 0x65, 0x5f, 0x43, 0x4e, 0x4e, 0x2f,
  0x71, 0x75, 0x61, 0x6e, 0x74, 0x5f, 0x63, 0x6f, 0x6e, 0x76, 0x31, 0x64, 0x5f, 0x62, 0x6c, 0x6f,
  0x63, 0x6b, 0x32, 0x2f, 0x42, 0x69, 0x61, 0x73, 0x41, 0x64, 0x64, 0x2f, 0x52, 0x65, 0x61, 0x64,
  0x56, 0x61, 0x72, 0x69, 0x61, 0x62, 0x6c, 0x65, 0x4f, 0x70, 0x00, 0x00, 0x03, 0x00, 0x00, 0x00,
  0x01, 0x00, 0x00, 0x00, 0x0a, 0x00, 0x00, 0x00, 0x20, 0x00, 0x00, 0x00, 0xc2, 0xf5, 0xff, 0xff,
  0x00, 0x00, 0x00, 0x01, 0x18, 0x00, 0x00, 0x00, 0x28, 0x00, 0x00, 0x00, 0x48, 0x00, 0x00, 0x00,
  0x20, 0x00, 0x00, 0x00, 0x00, 0x00, 0x00, 0x09, 0x30, 0x01, 0x00, 0x00, 0x04, 0x00, 0x00, 0x00,
  0xff, 0xff, 0xff, 0xff, 0x01, 0x00, 0x00, 0x00, 0x0a, 0x00, 0x00, 0x00, 0x20, 0x00, 0x00, 0x00,
  0xfc, 0xed, 0xff, 0xff, 0x08, 0x00, 0x00, 0x00, 0x14, 0x00, 0x00, 0x00, 0x01, 0x00, 0x00, 0x00,
  0x80, 0xff, 0xff, 0xff, 0xff, 0xff, 0xff, 0xff, 0x00, 0x00, 0x00, 0x00, 0x01, 0x00, 0x00, 0x00,
  0x64, 0x4c, 0xc9, 0x3c, 0xee, 0x00, 0x00, 0x00, 0x46, 0x65, 0x64, 0x58, 0x41, 0x49, 0x5f, 0x45,
  0x64, 0x67, 0x65, 0x5f, 0x43, 0x4e, 0x4e, 0x2f, 0x71, 0x75, 0x61, 0x6e, 0x74, 0x5f, 0x63, 0x6f,
  0x6e, 0x76, 0x31, 0x64, 0x5f, 0x62, 0x6c, 0x6f, 0x63, 0x6b, 0x32, 0x2f, 0x52, 0x65, 0x6c, 0x75,
  0x3b, 0x46, 0x65, 0x64, 0x58, 0x41, 0x49, 0x5f, 0x45, 0x64, 0x67, 0x65, 0x5f, 0x43, 0x4e, 0x4e,
  0x2f, 0x71, 0x75, 0x61, 0x6e, 0x74, 0x5f, 0x63, 0x6f, 0x6e, 0x76, 0x31, 0x64, 0x5f, 0x62, 0x6c,
  0x6f, 0x63, 0x6b, 0x32, 0x2f, 0x42, 0x69, 0x61, 0x73, 0x41, 0x64, 0x64, 0x3b, 0x46, 0x65, 0x64,
  0x58, 0x41, 0x49, 0x5f, 0x45, 0x64, 0x67, 0x65, 0x5f, 0x43, 0x4e, 0x4e, 0x2f, 0x71, 0x75, 0x61,
  0x6e, 0x74, 0x5f, 0x63, 0x6f, 0x6e, 0x76, 0x31, 0x64, 0x5f, 0x62, 0x6c, 0x6f, 0x63, 0x6b, 0x32,
  0x2f, 0x43, 0x6f, 0x6e, 0x76, 0x31, 0x44, 0x2f, 0x53, 0x71, 0x75, 0x65, 0x65, 0x7a, 0x65, 0x3b,
  0x46, 0x65, 0x64, 0x58, 0x41, 0x49, 0x5f, 0x45, 0x64, 0x67, 0x65, 0x5f, 0x43, 0x4e, 0x4e, 0x2f,
  0x71, 0x75, 0x61, 0x6e, 0x74, 0x5f, 0x63, 0x6f, 0x6e, 0x76, 0x31, 0x64, 0x5f, 0x62, 0x6c, 0x6f,
  0x63, 0x6b, 0x32, 0x2f, 0x42, 0x69, 0x61, 0x73, 0x41, 0x64, 0x64, 0x2f, 0x52, 0x65, 0x61, 0x64,
  0x56, 0x61, 0x72, 0x69, 0x61, 0x62, 0x6c, 0x65, 0x4f, 0x70, 0x3b, 0x46, 0x65, 0x64, 0x58, 0x41,
  0x49, 0x5f, 0x45, 0x64, 0x67, 0x65, 0x5f, 0x43, 0x4e, 0x4e, 0x2f, 0x71, 0x75, 0x61, 0x6e, 0x74,
  0x5f, 0x63, 0x6f, 0x6e, 0x76, 0x31, 0x64, 0x5f, 0x62, 0x6c, 0x6f, 0x63, 0x6b, 0x32, 0x2f, 0x43,
  0x6f, 0x6e, 0x76, 0x31, 0x44, 0x31, 0x00, 0x00, 0x04, 0x00, 0x00, 0x00, 0x01, 0x00, 0x00, 0x00,
  0x01, 0x00, 0x00, 0x00, 0x0a, 0x00, 0x00, 0x00, 0x20, 0x00, 0x00, 0x00, 0xe2, 0xec, 0xff, 0xff,
  0x00, 0x00, 0x00, 0x01, 0x14, 0x00, 0x00, 0x00, 0x30, 0x00, 0x00, 0x00, 0x1f, 0x00, 0x00, 0x00,
  0x00, 0x00, 0x00, 0x09, 0x54, 0x00, 0x00, 0x00, 0x44, 0xef, 0xff, 0xff, 0x08, 0x00, 0x00, 0x00,
  0x10, 0x00, 0x00, 0x00, 0x01, 0x00, 0x00, 0x00, 0x00, 0x00, 0x00, 0x00, 0x00, 0x00, 0x00, 0x00,
  0x01, 0x00, 0x00, 0x00, 0xa3, 0x78, 0x81, 0x3b, 0x2a, 0x00, 0x00, 0x00, 0x46, 0x65, 0x64, 0x58,
  0x41, 0x49, 0x5f, 0x45, 0x64, 0x67, 0x65, 0x5f, 0x43, 0x4e, 0x4e, 0x2f, 0x71, 0x75, 0x61, 0x6e,
  0x74, 0x5f, 0x63, 0x6f, 0x6e, 0x76, 0x31, 0x64, 0x5f, 0x62, 0x6c, 0x6f, 0x63, 0x6b, 0x32, 0x2f,
  0x43, 0x6f, 0x6e, 0x76, 0x31, 0x44, 0x00, 0x00, 0x04, 0x00, 0x00, 0x00, 0x20, 0x00, 0x00, 0x00,
  0x01, 0x00, 0x00, 0x00, 0x03, 0x00, 0x00, 0x00, 0x20, 0x00, 0x00, 0x00, 0xa2, 0xf7, 0xff, 0xff,
  0x00, 0x00, 0x00, 0x01, 0x18, 0x00, 0x00, 0x00, 0x28, 0x00, 0x00, 0x00, 0x44, 0x00, 0x00, 0x00,
  0x1e, 0x00, 0x00, 0x00, 0x00, 0x00, 0x00, 0x09, 0x74, 0x00, 0x00, 0x00, 0x04, 0x00, 0x00, 0x00,
  0xff, 0xff, 0xff, 0xff, 0x01, 0x00, 0x00, 0x00, 0x0a, 0x00, 0x00, 0x00, 0x20, 0x00, 0x00, 0x00,
  0xdc, 0xef, 0xff, 0xff, 0x08, 0x00, 0x00, 0x00, 0x10, 0x00, 0x00, 0x00, 0x01, 0x00, 0x00, 0x00,
  0x07, 0x00, 0x00, 0x00, 0x00, 0x00, 0x00, 0x00, 0x01, 0x00, 0x00, 0x00, 0x27, 0x93, 0x0f, 0x3d,
  0x35, 0x00, 0x00, 0x00, 0x46, 0x65, 0x64, 0x58, 0x41, 0x49, 0x5f, 0x45, 0x64, 0x67, 0x65, 0x5f,
  0x43, 0x4e, 0x4e, 0x2f, 0x71, 0x75, 0x61, 0x6e, 0x74, 0x5f, 0x63, 0x6f, 0x6e, 0x76, 0x31, 0x64,
  0x5f, 0x62, 0x6c, 0x6f, 0x63, 0x6b, 0x32, 0x2f, 0x43, 0x6f, 0x6e, 0x76, 0x31, 0x44, 0x2f, 0x45,
  0x78, 0x70, 0x61, 0x6e, 0x64, 0x44, 0x69, 0x6d, 0x73, 0x00, 0x00, 0x00, 0x04, 0x00, 0x00, 0x00,
  0x01, 0x00, 0x00, 0x00, 0x01, 0x00, 0x00, 0x00, 0x0a, 0x00, 0x00, 0x00, 0x20, 0x00, 0x00, 0x00,
  0x46, 0xf8, 0xff, 0xff, 0x00, 0x00, 0x00, 0x01, 0x18, 0x00, 0x00, 0x00, 0x24, 0x00, 0x00, 0x00,
  0x44, 0x00, 0x00, 0x00, 0x1d, 0x00, 0x00, 0x00, 0x00, 0x00, 0x00, 0x09, 0x60, 0x00, 0x00, 0x00,
  0x03, 0x00, 0x00, 0x00, 0xff, 0xff, 0xff, 0xff, 0x0a, 0x00, 0x00, 0x00, 0x20, 0x00, 0x00, 0x00,
  0x7c, 0xf0, 0xff, 0xff, 0x08, 0x00, 0x00, 0x00, 0x14, 0x00, 0x00, 0x00, 0x01, 0x00, 0x00, 0x00,
  0x07, 0x00, 0x00, 0x00, 0x00, 0x00, 0x00, 0x00, 0x00, 0x00, 0x00, 0x00, 0x01, 0x00, 0x00, 0x00,
  0x27, 0x93, 0x0f, 0x3d, 0x23, 0x00, 0x00, 0x00, 0x46, 0x65, 0x64, 0x58, 0x41, 0x49, 0x5f, 0x45,
  0x64, 0x67, 0x65, 0x5f, 0x43, 0x4e, 0x4e, 0x2f, 0x70, 0x6f, 0x6f, 0x6c, 0x5f, 0x62, 0x6c, 0x6f,
  0x63, 0x6b, 0x31, 0x2f, 0x53, 0x71, 0x75, 0x65, 0x65, 0x7a, 0x65, 0x00, 0x03, 0x00, 0x00, 0x00,
  0x01, 0x00, 0x00, 0x00, 0x0a, 0x00, 0x00, 0x00, 0x20, 0x00, 0x00, 0x00, 0xd2, 0xf8, 0xff, 0xff,
  0x00, 0x00, 0x00, 0x01, 0x18, 0x00, 0x00, 0x00, 0x28, 0x00, 0x00, 0x00, 0x44, 0x00, 0x00, 0x00,
  0x1c, 0x00, 0x00, 0x00, 0x00, 0x00, 0x00, 0x09, 0x60, 0x00, 0x00, 0x00, 0x04, 0x00, 0x00, 0x00,
  0xff, 0xff, 0xff, 0xff, 0x0a, 0x00, 0x00, 0x00, 0x01, 0x00, 0x00, 0x00, 0x20, 0x00, 0x00, 0x00,
  0x0c, 0xf1, 0xff, 0xff, 0x08, 0x00, 0x00, 0x00, 0x10, 0x00, 0x00, 0x00, 0x01, 0x00, 0x00, 0x00,
  0x07, 0x00, 0x00, 0x00, 0x00, 0x00, 0x00, 0x00, 0x01, 0x00, 0x00, 0x00, 0x27, 0x93, 0x0f, 0x3d,
  0x23, 0x00, 0x00, 0x00, 0x46, 0x65, 0x64, 0x58, 0x41, 0x49, 0x5f, 0x45, 0x64, 0x67, 0x65, 0x5f,
  0x43, 0x4e, 0x4e, 0x2f, 0x70, 0x6f, 0x6f, 0x6c, 0x5f, 0x62, 0x6c, 0x6f, 0x63, 0x6b, 0x31, 0x2f,
  0x4d, 0x61, 0x78, 0x50, 0x6f, 0x6f, 0x6c, 0x00, 0x04, 0x00, 0x00, 0x00, 0x01, 0x00, 0x00, 0x00,
  0x0a, 0x00, 0x00, 0x00, 0x01, 0x00, 0x00, 0x00, 0x20, 0x00, 0x00, 0x00, 0x62, 0xf9, 0xff, 0xff,
  0x00, 0x00, 0x00, 0x01, 0x18, 0x00, 0x00, 0x00, 0x28, 0x00, 0x00, 0x00, 0x44, 0x00, 0x00, 0x00,
  0x1b, 0x00, 0x00, 0x00, 0x00, 0x00, 0x00, 0x09, 0x64, 0x00, 0x00, 0x00, 0x04, 0x00, 0x00, 0x00,
  0xff, 0xff, 0xff, 0xff, 0x14, 0x00, 0x00, 0x00, 0x01, 0x00, 0x00, 0x00, 0x20, 0x00, 0x00, 0x00,
  0x9c, 0xf1, 0xff, 0xff, 0x08, 0x00, 0x00, 0x00, 0x10, 0x00, 0x00, 0x00, 0x01, 0x00, 0x00, 0x00,
  0x07, 0x00, 0x00, 0x00, 0x00, 0x00, 0x00, 0x00, 0x01, 0x00, 0x00, 0x00, 0x27, 0x93, 0x0f, 0x3d,
  0x26, 0x00, 0x00, 0x00, 0x46, 0x65, 0x64, 0x58, 0x41, 0x49, 0x5f, 0x45, 0x64, 0x67, 0x65, 0x5f,
  0x43, 0x4e, 0x4e, 0x2f, 0x70, 0x6f, 0x6f, 0x6c, 0x5f, 0x62, 0x6c, 0x6f, 0x63, 0x6b, 0x31, 0x2f,
  0x45, 0x78, 0x70, 0x61, 0x6e, 0x64, 0x44, 0x69, 0x6d, 0x73, 0x00, 0x00, 0x04, 0x00, 0x00, 0x00,
  0x01, 0x00, 0x00, 0x00, 0x14, 0x00, 0x00, 0x00, 0x01, 0x00, 0x00, 0x00, 0x20, 0x00, 0x00, 0x00,
  0xf6, 0xf9, 0xff, 0xff, 0x00, 0x00, 0x00, 0x01, 0x18, 0x00, 0x00, 0x00, 0x24, 0x00, 0x00, 0x00,
  0x40, 0x00, 0x00, 0x00, 0x1a, 0x00, 0x00, 0x00, 0x00, 0x00, 0x00, 0x09, 0x64, 0x00, 0x00, 0x00,
  0x03, 0x00, 0x00, 0x00, 0xff, 0xff, 0xff, 0xff, 0x14, 0x00, 0x00, 0x00, 0x20, 0x00, 0x00, 0x00,
  0x2c, 0xf2, 0xff, 0xff, 0x08, 0x00, 0x00, 0x00, 0x10, 0x00, 0x00, 0x00, 0x01, 0x00, 0x00, 0x00,
  0x07, 0x00, 0x00, 0x00, 0x00, 0x00, 0x00, 0x00, 0x01, 0x00, 0x00, 0x00, 0x27, 0x93, 0x0f, 0x3d,
  0x29, 0x00, 0x00, 0x00, 0x46, 0x65, 0x64, 0x58, 0x41, 0x49, 0x5f, 0x45, 0x64, 0x67, 0x65, 0x5f,
  0x43, 0x4e, 0x4e, 0x2f, 0x62, 0x6e, 0x5f, 0x62, 0x6c, 0x6f, 0x63, 0x6b, 0x31, 0x2f, 0x62, 0x61,
  0x74, 0x63, 0x68, 0x6e, 0x6f, 0x72, 0x6d, 0x2f, 0x61, 0x64, 0x64, 0x5f, 0x31, 0x00, 0x00, 0x00,
  0x03, 0x00, 0x00, 0x00, 0x01, 0x00, 0x00, 0x00, 0x14, 0x00, 0x00, 0x00, 0x20, 0x00, 0x00, 0x00,
  0x86, 0xfa, 0xff, 0xff, 0x00, 0x00, 0x00, 0x01, 0x18, 0x00, 0x00, 0x00, 0x24, 0x00, 0x00, 0x00,
  0x40, 0x00, 0x00, 0x00, 0x19, 0x00, 0x00, 0x00, 0x00, 0x00, 0x00, 0x09, 0x64, 0x00, 0x00, 0x00,
  0x03, 0x00, 0x00, 0x00, 0xff, 0xff, 0xff, 0xff, 0x14, 0x00, 0x00, 0x00, 0x20, 0x00, 0x00, 0x00,
  0xbc, 0xf2, 0xff, 0xff, 0x08, 0x00, 0x00, 0x00, 0x10, 0x00, 0x00, 0x00, 0x01, 0x00, 0x00, 0x00,
  0xce, 0xff, 0xff, 0xff, 0xff, 0xff, 0xff, 0xff, 0x01, 0x00, 0x00, 0x00, 0x5f, 0x5a, 0x7a, 0x3d,
  0x29, 0x00, 0x00, 0x00, 0x46, 0x65, 0x64, 0x58, 0x41, 0x49, 0x5f, 0x45, 0x64, 0x67, 0x65, 0x5f,
  0x43, 0x4e, 0x4e, 0x2f, 0x62, 0x6e, 0x5f, 0x62, 0x6c, 0x6f, 0x63, 0x6b, 0x31, 0x2f, 0x62, 0x61,
  0x74, 0x63, 0x68, 0x6e, 0x6f, 0x72, 0x6d, 0x2f, 0x6d, 0x75, 0x6c, 0x5f, 0x31, 0x00, 0x00, 0x00,
  0x03, 0x00, 0x00, 0x00, 0x01, 0x00, 0x00, 0x00, 0x14, 0x00, 0x00, 0x00, 0x20, 0x00, 0x00, 0x00,
  0x16, 0xfb, 0xff, 0xff, 0x00, 0x00, 0x00, 0x01, 0x18, 0x00, 0x00, 0x00, 0x24, 0x00, 0x00, 0x00,
  0x44, 0x00, 0x00, 0x00, 0x18, 0x00, 0x00, 0x00, 0x00, 0x00, 0x00, 0x09, 0x00, 0x01, 0x00, 0x00,
  0x03, 0x00, 0x00, 0x00, 0xff, 0xff, 0xff, 0xff, 0x14, 0x00, 0x00, 0x00, 0x20, 0x00, 0x00, 0x00,
  0x4c, 0xf3, 0xff, 0xff, 0x08, 0x00, 0x00, 0x00, 0x14, 0x00, 0x00, 0x00, 0x01, 0x00, 0x00, 0x00,
  0x80, 0xff, 0xff, 0xff, 0xff, 0xff, 0xff, 0xff, 0x00, 0x00, 0x00, 0x00, 0x01, 0x00, 0x00, 0x00,
  0xad, 0x72, 0xb9, 0x3b, 0xc2, 0x00, 0x00, 0x00, 0x46, 0x65, 0x64, 0x58, 0x41, 0x49, 0x5f, 0x45,
  0x64, 0x67, 0x65, 0x5f, 0x43, 0x4e, 0x4e, 0x2f, 0x71, 0x75, 0x61, 0x6e, 0x74, 0x5f, 0x63, 0x6f,
  0x6e, 0x76, 0x31, 0x64, 0x5f, 0x62, 0x6c, 0x6f, 0x63, 0x6b, 0x31, 0x2f, 0x52, 0x65, 0x6c, 0x75,
  0x3b, 0x46, 0x65, 0x64, 0x58, 0x41, 0x49, 0x5f, 0x45, 0x64, 0x67, 0x65, 0x5f, 0x43, 0x4e, 0x4e,
  0x2f, 0x71, 0x75, 0x61, 0x6e, 0x74, 0x5f, 0x63, 0x6f, 0x6e, 0x76, 0x31, 0x64, 0x5f, 0x62, 0x6c,
  0x6f, 0x63, 0x6b, 0x31, 0x2f, 0x42, 0x69, 0x61, 0x73, 0x41, 0x64, 0x64, 0x3b, 0x46, 0x65, 0x64,
  0x58, 0x41, 0x49, 0x5f, 0x45, 0x64, 0x67, 0x65, 0x5f, 0x43, 0x4e, 0x4e, 0x2f, 0x71, 0x75, 0x61,
  0x6e, 0x74, 0x5f, 0x63, 0x6f, 0x6e, 0x76, 0x31, 0x64, 0x5f, 0x62, 0x6c, 0x6f, 0x63, 0x6b, 0x31,
  0x2f, 0x43, 0x6f, 0x6e, 0x76, 0x31, 0x44, 0x2f, 0x53, 0x71, 0x75, 0x65, 0x65, 0x7a, 0x65, 0x3b,
  0x46, 0x65, 0x64, 0x58, 0x41, 0x49, 0x5f, 0x45, 0x64, 0x67, 0x65, 0x5f, 0x43, 0x4e, 0x4e, 0x2f,
  0x71, 0x75, 0x61, 0x6e, 0x74, 0x5f, 0x63, 0x6f, 0x6e, 0x76, 0x31, 0x64, 0x5f, 0x62, 0x6c, 0x6f,
  0x63, 0x6b, 0x31, 0x2f, 0x42, 0x69, 0x61, 0x73, 0x41, 0x64, 0x64, 0x2f, 0x52, 0x65, 0x61, 0x64,
  0x56, 0x61, 0x72, 0x69, 0x61, 0x62, 0x6c, 0x65, 0x4f, 0x70, 0x00, 0x00, 0x03, 0x00, 0x00, 0x00,
  0x01, 0x00, 0x00, 0x00, 0x14, 0x00, 0x00, 0x00, 0x20, 0x00, 0x00, 0x00, 0x42, 0xfc, 0xff, 0xff,
  0x00, 0x00, 0x00, 0x01, 0x18, 0x00, 0x00, 0x00, 0x28, 0x00, 0x00, 0x00, 0x48, 0x00, 0x00, 0x00,
  0x17, 0x00, 0x00, 0x00, 0x00, 0x00, 0x00, 0x09, 0x30, 0x01, 0x00, 0x00, 0x04, 0x00, 0x00, 0x00,
  0xff, 0xff, 0xff, 0xff, 0x01, 0x00, 0x00, 0x00, 0x14, 0x00, 0x00, 0x00, 0x20, 0x00, 0x00, 0x00,
  0x7c, 0xf4, 0xff, 0xff, 0x08, 0x00, 0x00, 0x00, 0x14, 0x00, 0x00, 0x00, 0x01, 0x00, 0x00, 0x00,
  0x80, 0xff, 0xff, 0xff, 0xff, 0xff, 0xff, 0xff, 0x00, 0x00, 0x00, 0x00, 0x01, 0x00, 0x00, 0x00,
  0xad, 0x72, 0xb9, 0x3b, 0xee, 0x00, 0x00, 0x00, 0x46, 0x65, 0x64, 0x58, 0x41, 0x49, 0x5f, 0x45,
  0x64, 0x67, 0x65, 0x5f, 0x43, 0x4e, 0x4e, 0x2f, 0x71, 0x75, 0x61, 0x6e, 0x74, 0x5f, 0x63, 0x6f,
  0x6e, 0x76, 0x31, 0x64, 0x5f, 0x62, 0x6c, 0x6f, 0x63, 0x6b, 0x31, 0x2f, 0x52, 0x65, 0x6c, 0x75,
  0x3b, 0x46, 0x65, 0x64, 0x58, 0x41, 0x49, 0x5f, 0x45, 0x64, 0x67, 0x65, 0x5f, 0x43, 0x4e, 0x4e,
  0x2f, 0x71, 0x75, 0x61, 0x6e, 0x74, 0x5f, 0x63, 0x6f, 0x6e, 0x76, 0x31, 0x64, 0x5f, 0x62, 0x6c,
  0x6f, 0x63, 0x6b, 0x31, 0x2f, 0x42, 0x69, 0x61, 0x73, 0x41, 0x64, 0x64, 0x3b, 0x46, 0x65, 0x64,
  0x58, 0x41, 0x49, 0x5f, 0x45, 0x64, 0x67, 0x65, 0x5f, 0x43, 0x4e, 0x4e, 0x2f, 0x71, 0x75, 0x61,
  0x6e, 0x74, 0x5f, 0x63, 0x6f, 0x6e, 0x76, 0x31, 0x64, 0x5f, 0x62, 0x6c, 0x6f, 0x63, 0x6b, 0x31,
  0x2f, 0x43, 0x6f, 0x6e, 0x76, 0x31, 0x44, 0x2f, 0x53, 0x71, 0x75, 0x65, 0x65, 0x7a, 0x65, 0x3b,
  0x46, 0x65, 0x64, 0x58, 0x41, 0x49, 0x5f, 0x45, 0x64, 0x67, 0x65, 0x5f, 0x43, 0x4e, 0x4e, 0x2f,
  0x71, 0x75, 0x61, 0x6e, 0x74, 0x5f, 0x63, 0x6f, 0x6e, 0x76, 0x31, 0x64, 0x5f, 0x62, 0x6c, 0x6f,
  0x63, 0x6b, 0x31, 0x2f, 0x42, 0x69, 0x61, 0x73, 0x41, 0x64, 0x64, 0x2f, 0x52, 0x65, 0x61, 0x64,
  0x56, 0x61, 0x72, 0x69, 0x61, 0x62, 0x6c, 0x65, 0x4f, 0x70, 0x3b, 0x46, 0x65, 0x64, 0x58, 0x41,
  0x49, 0x5f, 0x45, 0x64, 0x67, 0x65, 0x5f, 0x43, 0x4e, 0x4e, 0x2f, 0x71, 0x75, 0x61, 0x6e, 0x74,
  0x5f, 0x63, 0x6f, 0x6e, 0x76, 0x31, 0x64, 0x5f, 0x62, 0x6c, 0x6f, 0x63, 0x6b, 0x31, 0x2f, 0x43,
  0x6f, 0x6e, 0x76, 0x31, 0x44, 0x31, 0x00, 0x00, 0x04, 0x00, 0x00, 0x00, 0x01, 0x00, 0x00, 0x00,
  0x01, 0x00, 0x00, 0x00, 0x14, 0x00, 0x00, 0x00, 0x20, 0x00, 0x00, 0x00, 0x62, 0xf3, 0xff, 0xff,
  0x00, 0x00, 0x00, 0x01, 0x14, 0x00, 0x00, 0x00, 0x30, 0x00, 0x00, 0x00, 0x16, 0x00, 0x00, 0x00,
  0x00, 0x00, 0x00, 0x02, 0x18, 0x01, 0x00, 0x00, 0xc4, 0xf5, 0xff, 0xff, 0x08, 0x00, 0x00, 0x00,
  0x10, 0x00, 0x00, 0x00, 0x01, 0x00, 0x00, 0x00, 0x00, 0x00, 0x00, 0x00, 0x00, 0x00, 0x00, 0x00,
  0x01, 0x00, 0x00, 0x00, 0xc9, 0x34, 0xf3, 0x37, 0xed, 0x00, 0x00, 0x00, 0x46, 0x65, 0x64, 0x58,
  0x41, 0x49, 0x5f, 0x45, 0x64, 0x67, 0x65, 0x5f, 0x43, 0x4e, 0x4e, 0x2f, 0x71, 0x75, 0x61, 0x6e,
  0x74, 0x5f, 0x63, 0x6f, 0x6e, 0x76, 0x31, 0x64, 0x5f, 0x62, 0x6c, 0x6f, 0x63, 0x6b, 0x31, 0x2f,
  0x52, 0x65, 0x6c, 0x75, 0x3b, 0x46, 0x65, 0x64, 0x58, 0x41, 0x49, 0x5f, 0x45, 0x64, 0x67, 0x65,
  0x5f, 0x43, 0x4e, 0x4e, 0x2f, 0x71, 0x75, 0x61, 0x6e, 0x74, 0x5f, 0x63, 0x6f, 0x6e, 0x76, 0x31,
  0x64, 0x5f, 0x62, 0x6c, 0x6f, 0x63, 0x6b, 0x31, 0x2f, 0x42, 0x69, 0x61, 0x73, 0x41, 0x64, 0x64,
  0x3b, 0x46, 0x65, 0x64, 0x58, 0x41, 0x49, 0x5f, 0x45, 0x64, 0x67, 0x65, 0x5f, 0x43, 0x4e, 0x4e,
  0x2f, 0x71, 0x75, 0x61, 0x6e, 0x74, 0x5f, 0x63, 0x6f, 0x6e, 0x76, 0x31, 0x64, 0x5f, 0x62, 0x6c,
  0x6f, 0x63, 0x6b, 0x31, 0x2f, 0x43, 0x6f, 0x6e, 0x76, 0x31, 0x44, 0x2f, 0x53, 0x71, 0x75, 0x65,
  0x65, 0x7a, 0x65, 0x3b, 0x46, 0x65, 0x64, 0x58, 0x41, 0x49, 0x5f, 0x45, 0x64, 0x67, 0x65, 0x5f,
  0x43, 0x4e, 0x4e, 0x2f, 0x71, 0x75, 0x61, 0x6e, 0x74, 0x5f, 0x63, 0x6f, 0x6e, 0x76, 0x31, 0x64,
  0x5f, 0x62, 0x6c, 0x6f, 0x63, 0x6b, 0x31, 0x2f, 0x42, 0x69, 0x61, 0x73, 0x41, 0x64, 0x64, 0x2f,
  0x52, 0x65, 0x61, 0x64, 0x56, 0x61, 0x72, 0x69, 0x61, 0x62, 0x6c, 0x65, 0x4f, 0x70, 0x3b, 0x46,
  0x65, 0x64, 0x58, 0x41, 0x49, 0x5f, 0x45, 0x64, 0x67, 0x65, 0x5f, 0x43, 0x4e, 0x4e, 0x2f, 0x71,
  0x75, 0x61, 0x6e, 0x74, 0x5f, 0x63, 0x6f, 0x6e, 0x76, 0x31, 0x64, 0x5f, 0x62, 0x6c, 0x6f, 0x63,
  0x6b, 0x31, 0x2f, 0x43, 0x6f, 0x6e, 0x76, 0x31, 0x44, 0x00, 0x00, 0x00, 0x01, 0x00, 0x00, 0x00,
  0x20, 0x00, 0x00, 0x00, 0x9a, 0xf4, 0xff, 0xff, 0x00, 0x00, 0x00, 0x01, 0x14, 0x00, 0x00, 0x00,
  0x30, 0x00, 0x00, 0x00, 0x15, 0x00, 0x00, 0x00, 0x00, 0x00, 0x00, 0x09, 0x54, 0x00, 0x00, 0x00,
  0xfc, 0xf6, 0xff, 0xff, 0x08, 0x00, 0x00, 0x00, 0x10, 0x00, 0x00, 0x00, 0x01, 0x00, 0x00, 0x00,
  0x00, 0x00, 0x00, 0x00, 0x00, 0x00, 0x00, 0x00, 0x01, 0x00, 0x00, 0x00, 0x94, 0x41, 0xf2, 0x3b,
  0x2a, 0x00, 0x00, 0x00, 0x46, 0x65, 0x64, 0x58, 0x41, 0x49, 0x5f, 0x45, 0x64, 0x67, 0x65, 0x5f,
  0x43, 0x4e, 0x4e, 0x2f, 0x71, 0x75, 0x61, 0x6e, 0x74, 0x5f, 0x63, 0x6f, 0x6e, 0x76, 0x31, 0x64,
  0x5f, 0x62, 0x6c, 0x6f, 0x63, 0x6b, 0x31, 0x2f, 0x43, 0x6f, 0x6e, 0x76, 0x31, 0x44, 0x00, 0x00,
  0x04, 0x00, 0x00, 0x00, 0x20, 0x00, 0x00, 0x00, 0x01, 0x00, 0x00, 0x00, 0x03, 0x00, 0x00, 0x00,
  0x08, 0x00, 0x00, 0x00, 0x5a, 0xff, 0xff, 0xff, 0x00, 0x00, 0x00, 0x01, 0x18, 0x00, 0x00, 0x00,
  0x28, 0x00, 0x00, 0x00, 0x44, 0x00, 0x00, 0x00, 0x14, 0x00, 0x00, 0x00, 0x00, 0x00, 0x00, 0x09,
  0x74, 0x00, 0x00, 0x00, 0x04, 0x00, 0x00, 0x00, 0xff, 0xff, 0xff, 0xff, 0x01, 0x00, 0x00, 0x00,
  0x14, 0x00, 0x00, 0x00, 0x08, 0x00, 0x00, 0x00, 0x94, 0xf7, 0xff, 0xff, 0x08, 0x00, 0x00, 0x00,
  0x10, 0x00, 0x00, 0x00, 0x01, 0x00, 0x00, 0x00, 0x80, 0xff, 0xff, 0xff, 0xff, 0xff, 0xff, 0xff,
  0x01, 0x00, 0x00, 0x00, 0x81, 0x80, 0x80, 0x3b, 0x35, 0x00, 0x00, 0x00, 0x46, 0x65, 0x64, 0x58,
  0x41, 0x49, 0x5f, 0x45, 0x64, 0x67, 0x65, 0x5f, 0x43, 0x4e, 0x4e, 0x2f, 0x71, 0x75, 0x61, 0x6e,
  0x74, 0x5f, 0x63, 0x6f, 0x6e, 0x76, 0x31, 0x64, 0x5f, 0x62, 0x6c, 0x6f, 0x63, 0x6b, 0x31, 0x2f,
  0x43, 0x6f, 0x6e, 0x76, 0x31, 0x44, 0x2f, 0x45, 0x78, 0x70, 0x61, 0x6e, 0x64, 0x44, 0x69, 0x6d,
  0x73, 0x00, 0x00, 0x00, 0x04, 0x00, 0x00, 0x00, 0x01, 0x00, 0x00, 0x00, 0x01, 0x00, 0x00, 0x00,
  0x14, 0x00, 0x00, 0x00, 0x08, 0x00, 0x00, 0x00, 0x00, 0x00, 0x16, 0x00, 0x20, 0x00, 0x1c, 0x00,
  0x1b, 0x00, 0x14, 0x00, 0x10, 0x00, 0x0c, 0x00, 0x00, 0x00, 0x00, 0x00, 0x08, 0x00, 0x07, 0x00,
  0x16, 0x00, 0x00, 0x00, 0x00, 0x00, 0x00, 0x01, 0x18, 0x00, 0x00, 0x00, 0x24, 0x00, 0x00, 0x00,
  0x44, 0x00, 0x00, 0x00, 0x13, 0x00, 0x00, 0x00, 0x00, 0x00, 0x00, 0x09, 0x38, 0x01, 0x00, 0x00,
  0x03, 0x00, 0x00, 0x00, 0xff, 0xff, 0xff, 0xff, 0x14, 0x00, 0x00, 0x00, 0x08, 0x00, 0x00, 0x00,
  0x4c, 0xf8, 0xff, 0xff, 0x08, 0x00, 0x00, 0x00, 0x14, 0x00, 0x00, 0x00, 0x01, 0x00, 0x00, 0x00,
  0x80, 0xff, 0xff, 0xff, 0xff, 0xff, 0xff, 0xff, 0x00, 0x00, 0x00, 0x00, 0x01, 0x00, 0x00, 0x00,
  0x81, 0x80, 0x80, 0x3b, 0xfa, 0x00, 0x00, 0x00, 0x46, 0x65, 0x64, 0x58, 0x41, 0x49, 0x5f, 0x45,
  0x64, 0x67, 0x65, 0x5f, 0x43, 0x4e, 0x4e, 0x2f, 0x71, 0x75, 0x61, 0x6e, 0x74, 0x69, 0x7a, 0x65,
  0x5f, 0x6c, 0x61, 0x79, 0x65, 0x72, 0x2f, 0x41, 0x6c, 0x6c, 0x56, 0x61, 0x6c, 0x75, 0x65, 0x73,
  0x51, 0x75, 0x61, 0x6e, 0x74, 0x69, 0x7a, 0x65, 0x2f, 0x46, 0x61, 0x6b, 0x65, 0x51, 0x75, 0x61,
  0x6e, 0x74, 0x57, 0x69, 0x74, 0x68, 0x4d, 0x69, 0x6e, 0x4d, 0x61, 0x78, 0x56, 0x61, 0x72, 0x73,
  0x3b, 0x46, 0x65, 0x64, 0x58, 0x41, 0x49, 0x5f, 0x45, 0x64, 0x67, 0x65, 0x5f, 0x43, 0x4e, 0x4e,
  0x2f, 0x71, 0x75, 0x61, 0x6e, 0x74, 0x69, 0x7a, 0x65, 0x5f, 0x6c, 0x61, 0x79, 0x65, 0x72, 0x2f,
  0x41, 0x6c, 0x6c, 0x56, 0x61, 0x6c, 0x75, 0x65, 0x73, 0x51, 0x75, 0x61, 0x6e, 0x74, 0x69, 0x7a,
  0x65, 0x2f, 0x46, 0x61, 0x6b, 0x65, 0x51, 0x75, 0x61, 0x6e, 0x74, 0x57, 0x69, 0x74, 0x68, 0x4d,
  0x69, 0x6e, 0x4d, 0x61, 0x78, 0x56, 0x61, 0x72, 0x73, 0x2f, 0x52, 0x65, 0x61, 0x64, 0x56, 0x61,
  0x72, 0x69, 0x61, 0x62, 0x6c, 0x65, 0x4f, 0x70, 0x3b, 0x46, 0x65, 0x64, 0x58, 0x41, 0x49, 0x5f,
  0x45, 0x64, 0x67, 0x65, 0x5f, 0x43, 0x4e, 0x4e, 0x2f, 0x71, 0x75, 0x61, 0x6e, 0x74, 0x69, 0x7a,
  0x65, 0x5f, 0x6c, 0x61, 0x79, 0x65, 0x72, 0x2f, 0x41, 0x6c, 0x6c, 0x56, 0x61, 0x6c, 0x75, 0x65,
  0x73, 0x51, 0x75, 0x61, 0x6e, 0x74, 0x69, 0x7a, 0x65, 0x2f, 0x46, 0x61, 0x6b, 0x65, 0x51, 0x75,
  0x61, 0x6e, 0x74, 0x57, 0x69, 0x74, 0x68, 0x4d, 0x69, 0x6e, 0x4d, 0x61, 0x78, 0x56, 0x61, 0x72,
  0x73, 0x2f, 0x52, 0x65, 0x61, 0x64, 0x56, 0x61, 0x72, 0x69, 0x61, 0x62, 0x6c, 0x65, 0x4f, 0x70,
  0x5f, 0x31, 0x00, 0x00, 0x03, 0x00, 0x00, 0x00, 0x01, 0x00, 0x00, 0x00, 0x14, 0x00, 0x00, 0x00,
  0x08, 0x00, 0x00, 0x00, 0x3a, 0xf7, 0xff, 0xff, 0x00, 0x00, 0x00, 0x01, 0x14, 0x00, 0x00, 0x00,
  0x30, 0x00, 0x00, 0x00, 0x12, 0x00, 0x00, 0x00, 0x00, 0x00, 0x00, 0x09, 0x50, 0x00, 0x00, 0x00,
  0x9c, 0xf9, 0xff, 0xff, 0x08, 0x00, 0x00, 0x00, 0x10, 0x00, 0x00, 0x00, 0x01, 0x00, 0x00, 0x00,
  0x80, 0xff, 0xff, 0xff, 0xff, 0xff, 0xff, 0xff, 0x01, 0x00, 0x00, 0x00, 0x04, 0x6e, 0x11, 0x3e,
  0x27, 0x00, 0x00, 0x00, 0x46, 0x65, 0x64, 0x58, 0x41, 0x49, 0x5f, 0x45, 0x64, 0x67, 0x65, 0x5f,
  0x43, 0x4e, 0x4e, 0x2f, 0x62, 0x6e, 0x5f, 0x62, 0x6c, 0x6f, 0x63, 0x6b, 0x31, 0x2f, 0x62, 0x61,
  0x74, 0x63, 0x68, 0x6e, 0x6f, 0x72, 0x6d, 0x2f, 0x6d, 0x75, 0x6c, 0x00, 0x01, 0x00, 0x00, 0x00,
  0x20, 0x00, 0x00, 0x00, 0xaa, 0xf7, 0xff, 0xff, 0x00, 0x00, 0x00, 0x01, 0x14, 0x00, 0x00, 0x00,
  0x30, 0x00, 0x00, 0x00, 0x11, 0x00, 0x00, 0x00, 0x00, 0x00, 0x00, 0x09, 0x50, 0x00, 0x00, 0x00,
  0x0c, 0xfa, 0xff, 0xff, 0x08, 0x00, 0x00, 0x00, 0x10, 0x00, 0x00, 0x00, 0x01, 0x00, 0x00, 0x00,
  0x7c, 0x00, 0x00, 0x00, 0x00, 0x00, 0x00, 0x00, 0x01, 0x00, 0x00, 0x00, 0xbe, 0x61, 0x0d, 0x3d,
  0x27, 0x00, 0x00, 0x00, 0x46, 0x65, 0x64, 0x58, 0x41, 0x49, 0x5f, 0x45, 0x64, 0x67, 0x65, 0x5f,
  0x43, 0x4e, 0x4e, 0x2f, 0x62, 0x6e, 0x5f, 0x62, 0x6c, 0x6f, 0x63, 0x6b, 0x31, 0x2f, 0x62, 0x61,
  0x74, 0x63, 0x68, 0x6e, 0x6f, 0x72, 0x6d, 0x2f, 0x73, 0x75, 0x62, 0x00, 0x01, 0x00, 0x00, 0x00,
  0x20, 0x00, 0x00, 0x00, 0x1a, 0xf8, 0xff, 0xff, 0x00, 0x00, 0x00, 0x01, 0x14, 0x00, 0x00, 0x00,
  0x30, 0x00, 0x00, 0x00, 0x10, 0x00, 0x00, 0x00, 0x00, 0x00, 0x00, 0x02, 0x18, 0x01, 0x00, 0x00,
  0x7c, 0xfa, 0xff, 0xff, 0x08, 0x00, 0x00, 0x00, 0x10, 0x00, 0x00, 0x00, 0x01, 0x00, 0x00, 0x00,
  0x00, 0x00, 0x00, 0x00, 0x00, 0x00, 0x00, 0x00, 0x01, 0x00, 0x00, 0x00, 0x4a, 0xd2, 0x09, 0x39,
  0xed, 0x00, 0x00, 0x00, 0x46, 0x65, 0x64, 0x58, 0x41, 0x49, 0x5f, 0x45, 0x64, 0x67, 0x65, 0x5f,
  0x43, 0x4e, 0x4e, 0x2f, 0x71, 0x75, 0x61, 0x6e, 0x74, 0x5f, 0x63, 0x6f, 0x6e, 0x76, 0x31, 0x64,
  0x5f, 0x62, 0x6c, 0x6f, 0x63, 0x6b, 0x32, 0x2f, 0x52, 0x65, 0x6c, 0x75, 0x3b, 0x46, 0x65, 0x64,
  0x58, 0x41, 0x49, 0x5f, 0x45, 0x64, 0x67, 0x65, 0x5f, 0x43, 0x4e, 0x4e, 0x2f, 0x71, 0x75, 0x61,
  0x6e, 0x74, 0x5f, 0x63, 0x6f, 0x6e, 0x76, 0x31, 0x64, 0x5f, 0x62, 0x6c, 0x6f, 0x63, 0x6b, 0x32,
  0x2f, 0x42, 0x69, 0x61, 0x73, 0x41, 0x64, 0x64, 0x3b, 0x46, 0x65, 0x64, 0x58, 0x41, 0x49, 0x5f,
  0x45, 0x64, 0x67, 0x65, 0x5f, 0x43, 0x4e, 0x4e, 0x2f, 0x71, 0x75, 0x61, 0x6e, 0x74, 0x5f, 0x63,
  0x6f, 0x6e, 0x76, 0x31, 0x64, 0x5f, 0x62, 0x6c, 0x6f, 0x63, 0x6b, 0x32, 0x2f, 0x43, 0x6f, 0x6e,
  0x76, 0x31, 0x44, 0x2f, 0x53, 0x71, 0x75, 0x65, 0x65, 0x7a, 0x65, 0x3b, 0x46, 0x65, 0x64, 0x58,
  0x41, 0x49, 0x5f, 0x45, 0x64, 0x67, 0x65, 0x5f, 0x43, 0x4e, 0x4e, 0x2f, 0x71, 0x75, 0x61, 0x6e,
  0x74, 0x5f, 0x63, 0x6f, 0x6e, 0x76, 0x31, 0x64, 0x5f, 0x62, 0x6c, 0x6f, 0x63, 0x6b, 0x32, 0x2f,
  0x42, 0x69, 0x61, 0x73, 0x41, 0x64, 0x64, 0x2f, 0x52, 0x65, 0x61, 0x64, 0x56, 0x61, 0x72, 0x69,
  0x61, 0x62, 0x6c, 0x65, 0x4f, 0x70, 0x3b, 0x46, 0x65, 0x64, 0x58, 0x41, 0x49, 0x5f, 0x45, 0x64,
  0x67, 0x65, 0x5f, 0x43, 0x4e, 0x4e, 0x2f, 0x71, 0x75, 0x61, 0x6e, 0x74, 0x5f, 0x63, 0x6f, 0x6e,
  0x76, 0x31, 0x64, 0x5f, 0x62, 0x6c, 0x6f, 0x63, 0x6b, 0x32, 0x2f, 0x43, 0x6f, 0x6e, 0x76, 0x31,
  0x44, 0x00, 0x00, 0x00, 0x01, 0x00, 0x00, 0x00, 0x20, 0x00, 0x00, 0x00, 0x52, 0xf9, 0xff, 0xff,
  0x00, 0x00, 0x00, 0x01, 0x14, 0x00, 0x00, 0x00, 0x30, 0x00, 0x00, 0x00, 0x0f, 0x00, 0x00, 0x00,
  0x00, 0x00, 0x00, 0x09, 0x50, 0x00, 0x00, 0x00, 0xb4, 0xfb, 0xff, 0xff, 0x08, 0x00, 0x00, 0x00,
  0x10, 0x00, 0x00, 0x00, 0x01, 0x00, 0x00, 0x00, 0x80, 0xff, 0xff, 0xff, 0xff, 0xff, 0xff, 0xff,
  0x01, 0x00, 0x00, 0x00, 0xc8, 0x60, 0x0d, 0x3d, 0x27, 0x00, 0x00, 0x00, 0x46, 0x65, 0x64, 0x58,
  0x41, 0x49, 0x5f, 0x45, 0x64, 0x67, 0x65, 0x5f, 0x43, 0x4e, 0x4e, 0x2f, 0x62, 0x6e, 0x5f, 0x62,
  0x6c, 0x6f, 0x63, 0x6b, 0x32, 0x2f, 0x62, 0x61, 0x74, 0x63, 0x68, 0x6e, 0x6f, 0x72, 0x6d, 0x2f,
  0x6d, 0x75, 0x6c, 0x00, 0x01, 0x00, 0x00, 0x00, 0x20, 0x00, 0x00, 0x00, 0xc2, 0xf9, 0xff, 0xff,
  0x00, 0x00, 0x00, 0x01, 0x14, 0x00, 0x00, 0x00, 0x30, 0x00, 0x00, 0x00, 0x0e, 0x00, 0x00, 0x00,
  0x00, 0x00, 0x00, 0x09, 0x50, 0x00, 0x00, 0x00, 0x24, 0xfc, 0xff, 0xff, 0x08, 0x00, 0x00, 0x00,
  0x10, 0x00, 0x00, 0x00, 0x01, 0x00, 0x00, 0x00, 0x7f, 0x00, 0x00, 0x00, 0x00, 0x00, 0x00, 0x00,
  0x01, 0x00, 0x00, 0x00, 0xe4, 0xde, 0x7b, 0x3b, 0x27, 0x00, 0x00, 0x00, 0x46, 0x65, 0x64, 0x58,
  0x41, 0x49, 0x5f, 0x45, 0x64, 0x67, 0x65, 0x5f, 0x43, 0x4e, 0x4e, 0x2f, 0x62, 0x6e, 0x5f, 0x62,
  0x6c, 0x6f, 0x63, 0x6b, 0x32, 0x2f, 0x62, 0x61, 0x74, 0x63, 0x68, 0x6e, 0x6f, 0x72, 0x6d, 0x2f,
  0x73, 0x75, 0x62, 0x00, 0x01, 0x00, 0x00, 0x00, 0x20, 0x00, 0x00, 0x00, 0x32, 0xfa, 0xff, 0xff,
  0x00, 0x00, 0x00, 0x01, 0x14, 0x00, 0x00, 0x00, 0x30, 0x00, 0x00, 0x00, 0x0d, 0x00, 0x00, 0x00,
  0x00, 0x00, 0x00, 0x02, 0x18, 0x01, 0x00, 0x00, 0x94, 0xfc, 0xff, 0xff, 0x08, 0x00, 0x00, 0x00,
  0x10, 0x00, 0x00, 0x00, 0x01, 0x00, 0x00, 0x00, 0x00, 0x00, 0x00, 0x00, 0x00, 0x00, 0x00, 0x00,
  0x01, 0x00, 0x00, 0x00, 0xc6, 0x1c, 0x29, 0x39, 0xed, 0x00, 0x00, 0x00, 0x46, 0x65, 0x64, 0x58,
  0x41, 0x49, 0x5f, 0x45, 0x64, 0x67, 0x65, 0x5f, 0x43, 0x4e, 0x4e, 0x2f, 0x71, 0x75, 0x61, 0x6e,
  0x74, 0x5f, 0x63, 0x6f, 0x6e, 0x76, 0x31, 0x64, 0x5f, 0x62, 0x6c, 0x6f, 0x63, 0x6b, 0x33, 0x2f,
  0x52, 0x65, 0x6c, 0x75, 0x3b, 0x46, 0x65, 0x64, 0x58, 0x41, 0x49, 0x5f, 0x45, 0x64, 0x67, 0x65,
  0x5f, 0x43, 0x4e, 0x4e, 0x2f, 0x71, 0x75, 0x61, 0x6e, 0x74, 0x5f, 0x63, 0x6f, 0x6e, 0x76, 0x31,
  0x64, 0x5f, 0x62, 0x6c, 0x6f, 0x63, 0x6b, 0x33, 0x2f, 0x42, 0x69, 0x61, 0x73, 0x41, 0x64, 0x64,
  0x3b, 0x46, 0x65, 0x64, 0x58, 0x41, 0x49, 0x5f, 0x45, 0x64, 0x67, 0x65, 0x5f, 0x43, 0x4e, 0x4e,
  0x2f, 0x71, 0x75, 0x61, 0x6e, 0x74, 0x5f, 0x63, 0x6f, 0x6e, 0x76, 0x31, 0x64, 0x5f, 0x62, 0x6c,
  0x6f, 0x63, 0x6b, 0x33, 0x2f, 0x43, 0x6f, 0x6e, 0x76, 0x31, 0x44, 0x2f, 0x53, 0x71, 0x75, 0x65,
  0x65, 0x7a, 0x65, 0x3b, 0x46, 0x65, 0x64, 0x58, 0x41, 0x49, 0x5f, 0x45, 0x64, 0x67, 0x65, 0x5f,
  0x43, 0x4e, 0x4e, 0x2f, 0x71, 0x75, 0x61, 0x6e, 0x74, 0x5f, 0x63, 0x6f, 0x6e, 0x76, 0x31, 0x64,
  0x5f, 0x62, 0x6c, 0x6f, 0x63, 0x6b, 0x33, 0x2f, 0x42, 0x69, 0x61, 0x73, 0x41, 0x64, 0x64, 0x2f,
  0x52, 0x65, 0x61, 0x64, 0x56, 0x61, 0x72, 0x69, 0x61, 0x62, 0x6c, 0x65, 0x4f, 0x70, 0x3b, 0x46,
  0x65, 0x64, 0x58, 0x41, 0x49, 0x5f, 0x45, 0x64, 0x67, 0x65, 0x5f, 0x43, 0x4e, 0x4e, 0x2f, 0x71,
  0x75, 0x61, 0x6e, 0x74, 0x5f, 0x63, 0x6f, 0x6e, 0x76, 0x31, 0x64, 0x5f, 0x62, 0x6c, 0x6f, 0x63,
  0x6b, 0x33, 0x2f, 0x43, 0x6f, 0x6e, 0x76, 0x31, 0x44, 0x00, 0x00, 0x00, 0x01, 0x00, 0x00, 0x00,
  0x10, 0x00, 0x00, 0x00, 0x6a, 0xfb, 0xff, 0xff, 0x00, 0x00, 0x00, 0x01, 0x14, 0x00, 0x00, 0x00,
  0x84, 0x00, 0x00, 0x00, 0x0c, 0x00, 0x00, 0x00, 0x00, 0x00, 0x00, 0x09, 0xa4, 0x00, 0x00, 0x00,
  0xcc, 0xfd, 0xff, 0xff, 0x08, 0x00, 0x00, 0x00, 0x48, 0x00, 0x00, 0x00, 0x08, 0x00, 0x00, 0x00,
  0x00, 0x00, 0x00, 0x00, 0x00, 0x00, 0x00, 0x00, 0x00, 0x00, 0x00, 0x00, 0x00, 0x00, 0x00, 0x00,
  0x00, 0x00, 0x00, 0x00, 0x00, 0x00, 0x00, 0x00, 0x00, 0x00, 0x00, 0x00, 0x00, 0x00, 0x00, 0x00,
  0x00, 0x00, 0x00, 0x00, 0x00, 0x00, 0x00, 0x00, 0x00, 0x00, 0x00, 0x00, 0x00, 0x00, 0x00, 0x00,
  0x00, 0x00, 0x00, 0x00, 0x00, 0x00, 0x00, 0x00, 0x00, 0x00, 0x00, 0x00, 0x00, 0x00, 0x00, 0x00,
  0x08, 0x00, 0x00, 0x00, 0xa8, 0x5f, 0x90, 0x3b, 0x3e, 0xb4, 0xb2, 0x3b, 0x9b, 0xd8, 0xa6, 0x3b,
  0x81, 0x18, 0xcc, 0x3b, 0x02, 0x9f, 0xac, 0x3b, 0x24, 0x31, 0xa3, 0x3b, 0x73, 0x9a, 0x8f, 0x3b,
  0xd3, 0xef, 0x8d, 0x3b, 0x27, 0x00, 0x00, 0x00, 0x46, 0x65, 0x64, 0x58, 0x41, 0x49, 0x5f, 0x45,
  0x64, 0x67, 0x65, 0x5f, 0x43, 0x4e, 0x4e, 0x2f, 0x64, 0x65, 0x6e, 0x73, 0x65, 0x5f, 0x63, 0x6c,
  0x61, 0x73, 0x73, 0x69, 0x66, 0x69, 0x65, 0x72, 0x2f, 0x4d, 0x61, 0x74, 0x4d, 0x75, 0x6c, 0x00,
  0x02, 0x00, 0x00, 0x00, 0x08, 0x00, 0x00, 0x00, 0x10, 0x00, 0x00, 0x00, 0x32, 0xfc, 0xff, 0xff,
  0x00, 0x00, 0x00, 0x01, 0x14, 0x00, 0x00, 0x00, 0x88, 0x00, 0x00, 0x00, 0x0b, 0x00, 0x00, 0x00,
  0x00, 0x00, 0x00, 0x02, 0xd0, 0x00, 0x00, 0x00, 0x94, 0xfe, 0xff, 0xff, 0x08, 0x00, 0x00, 0x00,
  0x4c, 0x00, 0x00, 0x00, 0x08, 0x00, 0x00, 0x00, 0x00, 0x00, 0x00, 0x00, 0x00, 0x00, 0x00, 0x00,
  0x00, 0x00, 0x00, 0x00, 0x00, 0x00, 0x00, 0x00, 0x00, 0x00, 0x00, 0x00, 0x00, 0x00, 0x00, 0x00,
  0x00, 0x00, 0x00, 0x00, 0x00, 0x00, 0x00, 0x00, 0x00, 0x00, 0x00, 0x00, 0x00, 0x00, 0x00, 0x00,
  0x00, 0x00, 0x00, 0x00, 0x00, 0x00, 0x00, 0x00, 0x00, 0x00, 0x00, 0x00, 0x00, 0x00, 0x00, 0x00,
  0x00, 0x00, 0x00, 0x00, 0x00, 0x00, 0x00, 0x00, 0x00, 0x00, 0x00, 0x00, 0x08, 0x00, 0x00, 0x00,
  0xc2, 0xf9, 0x2c, 0x39, 0x75, 0x1b, 0x56, 0x39, 0x6e, 0xe6, 0x47, 0x39, 0x7e, 0x87, 0x74, 0x39,
  0xb8, 0xd1, 0x4e, 0x39, 0xa4, 0x85, 0x43, 0x39, 0x7c, 0x0d, 0x2c, 0x39, 0x57, 0x0e, 0x2a, 0x39,
  0x4e, 0x00, 0x00, 0x00, 0x46, 0x65, 0x64, 0x58, 0x41, 0x49, 0x5f, 0x45, 0x64, 0x67, 0x65, 0x5f,
  0x43, 0x4e, 0x4e, 0x2f, 0x64, 0x65, 0x6e, 0x73, 0x65, 0x5f, 0x63, 0x6c, 0x61, 0x73, 0x73, 0x69,
  0x66, 0x69, 0x65, 0x72, 0x2f, 0x52, 0x65, 0x6c, 0x75, 0x3b, 0x46, 0x65, 0x64, 0x58, 0x41, 0x49,
  0x5f, 0x45, 0x64, 0x67, 0x65, 0x5f, 0x43, 0x4e, 0x4e, 0x2f, 0x64, 0x65, 0x6e, 0x73, 0x65, 0x5f,
  0x63, 0x6c, 0x61, 0x73, 0x73, 0x69, 0x66, 0x69, 0x65, 0x72, 0x2f, 0x42, 0x69, 0x61, 0x73, 0x41,
  0x64, 0x64, 0x00, 0x00, 0x01, 0x00, 0x00, 0x00, 0x08, 0x00, 0x00, 0x00, 0x22, 0xfd, 0xff, 0xff,
  0x00, 0x00, 0x00, 0x01, 0x14, 0x00, 0x00, 0x00, 0x34, 0x00, 0x00, 0x00, 0x0a, 0x00, 0x00, 0x00,
  0x00, 0x00, 0x00, 0x09, 0x58, 0x00, 0x00, 0x00, 0x84, 0xff, 0xff, 0xff, 0x08, 0x00, 0x00, 0x00,
  0x14, 0x00, 0x00, 0x00, 0x01, 0x00, 0x00, 0x00, 0x00, 0x00, 0x00, 0x00, 0x00, 0x00, 0x00, 0x00,
  0x00, 0x00, 0x00, 0x00, 0x01, 0x00, 0x00, 0x00, 0x91, 0x5c, 0x05, 0x3c, 0x2a, 0x00, 0x00, 0x00,
  0x46, 0x65, 0x64, 0x58, 0x41, 0x49, 0x5f, 0x45, 0x64, 0x67, 0x65, 0x5f, 0x43, 0x4e, 0x4e, 0x2f,
  0x66, 0x61, 0x69, 0x6c, 0x75, 0x72, 0x65, 0x5f, 0x70, 0x72, 0x6f, 0x62, 0x61, 0x62, 0x69, 0x6c,
  0x69, 0x74, 0x79, 0x2f, 0x4d, 0x61, 0x74, 0x4d, 0x75, 0x6c, 0x00, 0x00, 0x02, 0x00, 0x00, 0x00,
  0x01, 0x00, 0x00, 0x00, 0x08, 0x00, 0x00, 0x00, 0x9e, 0xfd, 0xff, 0xff, 0x00, 0x00, 0x00, 0x01,
  0x20, 0x00, 0x00, 0x00, 0x3c, 0x00, 0x00, 0x00, 0x09, 0x00, 0x00, 0x00, 0x00, 0x00, 0x00, 0x02,
  0x60, 0x00, 0x00, 0x00, 0x0c, 0x00, 0x0c, 0x00, 0x00, 0x00, 0x00, 0x00, 0x08, 0x00, 0x04, 0x00,
  0x0c, 0x00, 0x00, 0x00, 0x08, 0x00, 0x00, 0x00, 0x10, 0x00, 0x00, 0x00, 0x01, 0x00, 0x00, 0x00,
  0x00, 0x00, 0x00, 0x00, 0x00, 0x00, 0x00, 0x00, 0x01, 0x00, 0x00, 0x00, 0x7c, 0x3e, 0xc3, 0x39,
  0x2b, 0x00, 0x00, 0x00, 0x46, 0x65, 0x64, 0x58, 0x41, 0x49, 0x5f, 0x45, 0x64, 0x67, 0x65, 0x5f,
  0x43, 0x4e, 0x4e, 0x2f, 0x66, 0x61, 0x69, 0x6c, 0x75, 0x72, 0x65, 0x5f, 0x70, 0x72, 0x6f, 0x62,
  0x61, 0x62, 0x69, 0x6c, 0x69, 0x74, 0x79, 0x2f, 0x42, 0x69, 0x61, 0x73, 0x41, 0x64, 0x64, 0x00,
  0x01, 0x00, 0x00, 0x00, 0x01, 0x00, 0x00, 0x00, 0x1e, 0xfe, 0xff, 0xff, 0x00, 0x00, 0x00, 0x01,
  0x14, 0x00, 0x00, 0x00, 0x14, 0x00, 0x00, 0x00, 0x08, 0x00, 0x00, 0x00, 0x00, 0x00, 0x00, 0x02,
  0x40, 0x00, 0x00, 0x00, 0xa8, 0xfd, 0xff, 0xff, 0x32, 0x00, 0x00, 0x00, 0x46, 0x65, 0x64, 0x58,
  0x41, 0x49, 0x5f, 0x45, 0x64, 0x67, 0x65, 0x5f, 0x43, 0x4e, 0x4e, 0x2f, 0x67, 0x6c, 0x6f, 0x62,
  0x61, 0x6c, 0x5f, 0x70, 0x6f, 0x6f, 0x6c, 0x2f, 0x4d, 0x65, 0x61, 0x6e, 0x2f, 0x72, 0x65, 0x64,
  0x75, 0x63, 0x74, 0x69, 0x6f, 0x6e, 0x5f, 0x69, 0x6e, 0x64, 0x69, 0x63, 0x65, 0x73, 0x00, 0x00,
  0x00, 0x00, 0x00, 0x00, 0x7a, 0xfe, 0xff, 0xff, 0x00, 0x00, 0x00, 0x01, 0x14, 0x00, 0x00, 0x00,
  0x14, 0x00, 0x00, 0x00, 0x07, 0x00, 0x00, 0x00, 0x00, 0x00, 0x00, 0x02, 0x40, 0x00, 0x00, 0x00,
  0x04, 0xfe, 0xff, 0xff, 0x32, 0x00, 0x00, 0x00, 0x46, 0x65, 0x64, 0x58, 0x41, 0x49, 0x5f, 0x45,
  0x64, 0x67, 0x65, 0x5f, 0x43, 0x4e, 0x4e, 0x2f, 0x71, 0x75, 0x61, 0x6e, 0x74, 0x5f, 0x63, 0x6f,
  0x6e, 0x76, 0x31, 0x64, 0x5f, 0x62, 0x6c, 0x6f, 0x63, 0x6b, 0x33, 0x2f, 0x43, 0x6f, 0x6e, 0x76,
  0x31, 0x44, 0x2f, 0x53, 0x71, 0x75, 0x65, 0x65, 0x7a, 0x65, 0x00, 0x00, 0x01, 0x00, 0x00, 0x00,
  0x03, 0x00, 0x00, 0x00, 0xda, 0xfe, 0xff, 0xff, 0x00, 0x00, 0x00, 0x01, 0x14, 0x00, 0x00, 0x00,
  0x14, 0x00, 0x00, 0x00, 0x06, 0x00, 0x00, 0x00, 0x00, 0x00, 0x00, 0x02, 0x30, 0x00, 0x00, 0x00,
  0x64, 0xfe, 0xff, 0xff, 0x23, 0x00, 0x00, 0x00, 0x46, 0x65, 0x64, 0x58, 0x41, 0x49, 0x5f, 0x45,
  0x64, 0x67, 0x65, 0x5f, 0x43, 0x4e, 0x4e, 0x2f, 0x70, 0x6f, 0x6f, 0x6c, 0x5f, 0x62, 0x6c, 0x6f,
  0x63, 0x6b, 0x32, 0x2f, 0x53, 0x71, 0x75, 0x65, 0x65, 0x7a, 0x65, 0x00, 0x01, 0x00, 0x00, 0x00,
  0x03, 0x00, 0x00, 0x00, 0x2a, 0xff, 0xff, 0xff, 0x00, 0x00, 0x00, 0x01, 0x14, 0x00, 0x00, 0x00,
  0x14, 0x00, 0x00, 0x00, 0x05, 0x00, 0x00, 0x00, 0x00, 0x00, 0x00, 0x02, 0x1c, 0x00, 0x00, 0x00,
  0xb4, 0xfe, 0xff, 0xff, 0x0f, 0x00, 0x00, 0x00, 0x61, 0x72, 0x69, 0x74, 0x68, 0x2e, 0x63, 0x6f,
  0x6e, 0x73, 0x74, 0x61, 0x6e, 0x74, 0x32, 0x00, 0x01, 0x00, 0x00, 0x00, 0x03, 0x00, 0x00, 0x00,
  0x66, 0xff, 0xff, 0xff, 0x00, 0x00, 0x00, 0x01, 0x14, 0x00, 0x00, 0x00, 0x14, 0x00, 0x00, 0x00,
  0x04, 0x00, 0x00, 0x00, 0x00, 0x00, 0x00, 0x02, 0x1c, 0x00, 0x00, 0x00, 0xf0, 0xfe, 0xff, 0xff,
  0x0f, 0x00, 0x00, 0x00, 0x61, 0x72, 0x69, 0x74, 0x68, 0x2e, 0x63, 0x6f, 0x6e, 0x73, 0x74, 0x61,
  0x6e, 0x74, 0x31, 0x00, 0x00, 0x00, 0x00, 0x00, 0x9e, 0xff, 0xff, 0xff, 0x00, 0x00, 0x00, 0x01,
  0x14, 0x00, 0x00, 0x00, 0x14, 0x00, 0x00, 0x00, 0x03, 0x00, 0x00, 0x00, 0x00, 0x00, 0x00, 0x02,
  0x40, 0x00, 0x00, 0x00, 0x28, 0xff, 0xff, 0xff, 0x32, 0x00, 0x00, 0x00, 0x46, 0x65, 0x64, 0x58,
  0x41, 0x49, 0x5f, 0x45, 0x64, 0x67, 0x65, 0x5f, 0x43, 0x4e, 0x4e, 0x2f, 0x71, 0x75, 0x61, 0x6e,
  0x74, 0x5f, 0x63, 0x6f, 0x6e, 0x76, 0x31, 0x64, 0x5f, 0x62, 0x6c, 0x6f, 0x63, 0x6b, 0x31, 0x2f,
  0x43, 0x6f, 0x6e, 0x76, 0x31, 0x44, 0x2f, 0x53, 0x71, 0x75, 0x65, 0x65, 0x7a, 0x65, 0x00, 0x00,
  0x01, 0x00, 0x00, 0x00, 0x03, 0x00, 0x00, 0x00, 0x00, 0x00, 0x16, 0x00, 0x1c, 0x00, 0x18, 0x00,
  0x17, 0x00, 0x10, 0x00, 0x0c, 0x00, 0x08, 0x00, 0x00, 0x00, 0x00, 0x00, 0x00, 0x00, 0x07, 0x00,
  0x16, 0x00, 0x00, 0x00, 0x00, 0x00, 0x00, 0x01, 0x14, 0x00, 0x00, 0x00, 0x14, 0x00, 0x00, 0x00,
  0x02, 0x00, 0x00, 0x00, 0x00, 0x00, 0x00, 0x02, 0x1c, 0x00, 0x00, 0x00, 0xa0, 0xff, 0xff, 0xff,
  0x0e, 0x00, 0x00, 0x00, 0x61, 0x72, 0x69, 0x74, 0x68, 0x2e, 0x63, 0x6f, 0x6e, 0x73, 0x74, 0x61,
  0x6e, 0x74, 0x00, 0x00, 0x00, 0x00, 0x00, 0x00, 0x00, 0x00, 0x16, 0x00, 0x1c, 0x00, 0x18, 0x00,
  0x00, 0x00, 0x14, 0x00, 0x10, 0x00, 0x0c, 0x00, 0x00, 0x00, 0x00, 0x00, 0x08, 0x00, 0x07, 0x00,
  0x16, 0x00, 0x00, 0x00, 0x00, 0x00, 0x00, 0x01, 0x14, 0x00, 0x00, 0x00, 0x24, 0x00, 0x00, 0x00,
  0x24, 0x00, 0x00, 0x00, 0x01, 0x00, 0x00, 0x00, 0x40, 0x00, 0x00, 0x00, 0x03, 0x00, 0x00, 0x00,
  0xff, 0xff, 0xff, 0xff, 0x14, 0x00, 0x00, 0x00, 0x08, 0x00, 0x00, 0x00, 0x04, 0x00, 0x04, 0x00,
  0x04, 0x00, 0x00, 0x00, 0x1e, 0x00, 0x00, 0x00, 0x73, 0x65, 0x72, 0x76, 0x69, 0x6e, 0x67, 0x5f,
  0x64, 0x65, 0x66, 0x61, 0x75, 0x6c, 0x74, 0x5f, 0x73, 0x65, 0x6e, 0x73, 0x6f, 0x72, 0x5f, 0x69,
  0x6e, 0x70, 0x75, 0x74, 0x3a, 0x30, 0x00, 0x00, 0x03, 0x00, 0x00, 0x00, 0x01, 0x00, 0x00, 0x00,
  0x14, 0x00, 0x00, 0x00, 0x08, 0x00, 0x00, 0x00, 0x0b, 0x00, 0x00, 0x00, 0xe8, 0x00, 0x00, 0x00,
  0xcc, 0x00, 0x00, 0x00, 0xb8, 0x00, 0x00, 0x00, 0x9c, 0x00, 0x00, 0x00, 0x88, 0x00, 0x00, 0x00,
  0x7c, 0x00, 0x00, 0x00, 0x60, 0x00, 0x00, 0x00, 0x40, 0x00, 0x00, 0x00, 0x2c, 0x00, 0x00, 0x00,
  0x18, 0x00, 0x00, 0x00, 0x04, 0x00, 0x00, 0x00, 0x78, 0xff, 0xff, 0xff, 0x06, 0x00, 0x00, 0x00,
  0x02, 0x00, 0x00, 0x00, 0x00, 0x00, 0x00, 0x06, 0x88, 0xff, 0xff, 0xff, 0x0e, 0x00, 0x00, 0x00,
  0x02, 0x00, 0x00, 0x00, 0x00, 0x00, 0x00, 0x0e, 0x98, 0xff, 0xff, 0xff, 0x09, 0x00, 0x00, 0x00,
  0x04, 0x00, 0x00, 0x00, 0x00, 0x00, 0x00, 0x09, 0xa8, 0xff, 0xff, 0xff, 0x28, 0x00, 0x00, 0x00,
  0x02, 0x00, 0x00, 0x00, 0x00, 0x00, 0x00, 0x28, 0x0c, 0x00, 0x0e, 0x00, 0x0d, 0x00, 0x00, 0x00,
  0x08, 0x00, 0x04, 0x00, 0x0c, 0x00, 0x00, 0x00, 0x11, 0x00, 0x00, 0x00, 0x02, 0x00, 0x00, 0x00,
  0x00, 0x11, 0x0a, 0x00, 0x08, 0x00, 0x00, 0x00, 0x00, 0x00, 0x04, 0x00, 0x0a, 0x00, 0x00, 0x00,
  0x02, 0x00, 0x00, 0x00, 0xe4, 0xff, 0xff, 0xff, 0x12, 0x00, 0x00, 0x00, 0x02, 0x00, 0x00, 0x00,
  0x00, 0x00, 0x00, 0x12, 0xcc, 0xff, 0xff, 0xff, 0x16, 0x00, 0x00, 0x00, 0x00, 0x00, 0x00, 0x16,
  0x0c, 0x00, 0x10, 0x00, 0x0f, 0x00, 0x00, 0x00, 0x08, 0x00, 0x04, 0x00, 0x0c, 0x00, 0x00, 0x00,
  0x03, 0x00, 0x00, 0x00, 0x03, 0x00, 0x00, 0x00, 0x00, 0x00, 0x00, 0x03, 0xf4, 0xff, 0xff, 0xff,
  0x46, 0x00, 0x00, 0x00, 0x00, 0x00, 0x00, 0x46, 0x0c, 0x00, 0x0c, 0x00, 0x0b, 0x00, 0x00, 0x00,
  0x00, 0x00, 0x04, 0x00, 0x0c, 0x00, 0x00, 0x00, 0x72, 0x00, 0x00, 0x00, 0x00, 0x00, 0x00, 0x72
};
#endif
